,word,label
483,v型领口,0
603,v字领口,0
382,圆形领口,0
911,简洁干练,1
345,简约大方,1
458,简约大气,1
624,简单大方,1
366,简洁利落,1
976,简约利落,1
870,简洁大气,1
170,简洁大方,1
794,简单大气,1
740,以经典,2
1121,了经典,2
908,青春气息,3
504,青春活力气息,3
1241,活力气息,3
338,法式优雅,4
212,法式风情,4
103,甜美感,5
1210,甜美风,5
267,长腿,6
139,大长腿,6
1045,也很,7
1143,也更,7
988,了黑色,8
1131,了纯色,8
343,罗纹袖口,9
261,螺纹袖口,9
236,喇叭袖口,9
689,这款卫衣,10
760,这款西装,10
1071,这款上衣,10
1096,这款卫衣,10
1094,这款外套,10
1179,这款风衣,10
795,这款西装外套,10
987,这款牛仔外套,10
1199,将你,11
449,把你,11
196,纯棉面料,12
422,亚麻面料,12
672,棉面料,12
151,纯棉牛仔面料,12
472,棉麻面料,12
226,棉质面料,12
204,羊毛面料,12
272,丝绒面料,12
105,束口,13
292,裤口,13
788,衬衫上衣,14
711,长袖衬衫,14
912,衬衫连衣裙,14
632,格子衬衫,14
579,短袖衬衫,14
1127,白色衬衫,14
1253,衬衫裙,14
1214,条纹衬衫,14
476,白衬衫,14
1077,印花衬衫,14
678,美观大气,15
1069,精致美观,15
516,既美观又,16
938,又美观,16
1039,美观又,16
950,与潮流,17
1187,与时尚,17
546,丝面料,18
985,网纱面料,18
397,淑女范,19
694,淑女气质,19
524,淑女气息,19
173,淑女风范,19
1082,了身材比例,20
353,身材比例,20
308,身形比例,20
470,花卉印花,21
359,花朵印花,21
915,又十分,22
783,都十分,22
975,也十分,22
179,背带裙,23
419,背心裙,23
215,涤纶面料,24
573,雪纺面料,24
814,针织面料,24
414,梭织面料,24
355,混纺面料,24
270,纤细腰身,25
257,纤细腰肢,25
644,在视觉,26
112,从视觉,26
967,将女性,27
1142,了女性,27
465,把女性,27
901,又非常,28
1191,都非常,28
681,还非常,28
1136,也非常,28
251,浪漫唯美,29
1228,优雅浪漫,29
936,浪漫优雅,29
416,唯美浪漫,29
942,甜美浪漫,29
134,浪漫唯美的,29
759,文艺气息,30
1212,文艺气质,30
661,中长款版型,31
802,短款版型,31
965,优雅迷人,32
1037,性感优雅,32
654,优雅性感,32
827,了裙,33
835,了裤,33
634,了腿,33
635,了衣,33
1182,性感又,34
622,又性感,34
864,性感而,34
1081,以黑色,35
649,黑色与,35
686,与白色,35
940,与黑色,35
639,以白色,35
855,优雅韵味,36
1108,优雅气息,36
1173,优雅魅力,36
655,这款半身裙,37
568,款连衣裙,37
442,这款连衣裙,37
239,本款连衣裙,37
94,卫衣,38
68,连帽卫衣,38
234,套头卫衣,38
331,街头范,39
210,街头风范,39
647,但又,40
160,但却,40
771,微宽松,41
1100,小宽松,41
443,polo领口,42
592,型领口,42
276,西装外套,43
553,风衣外套,43
541,小圆领,44
934,大圆领,44
1149,精致又,45
790,精致而,45
801,又精致,45
1086,丰富了衣身,46
1252,丰富衣身,46
943,这款印花,47
480,这款碎花,47
1033,浪漫又,48
1105,浪漫而,48
785,又浪漫,48
668,此款衬衫,49
725,这款衬衫,49
1158,这款衬衣,49
491,这款polo衫,49
150,纯棉材质,50
246,真丝材质,50
280,混纺材质,50
245,蓝白条纹,51
1000,白色条纹,51
917,色条纹,51
218,彩色条纹,51
528,黑白条纹,51
216,朦胧美,52
400,朦胧美感,52
1107,了荷叶边,53
633,了荷叶,53
95,木耳边,54
41,木耳花边,54
172,金属拉链,55
135,金属纽扣,55
1002,造型更,56
1064,造型更加,56
852,版型不,57
831,版型更,57
662,版型也,57
836,版型很,57
907,俏皮灵动,58
311,活泼俏皮,58
1007,时髦又,59
1134,又时尚,59
1066,又时髦,59
674,面料柔软,60
509,面料手感,60
766,面料质感,60
884,面料舒适,60
738,上身也,61
1049,上身更,61
1234,上身很,61
842,连衣裙版型,62
1137,卫衣版型,62
1091,个性魅力,63
1106,了颈部线条,64
309,颈部曲线,64
193,颈部线条,64
554,很舒服,65
1145,很舒适,65
982,荷叶边裙摆,66
1027,褶皱裙摆,66
627,在这款,67
769,为这款,67
688,手感舒适,68
116,手感细腻,68
378,触感柔软,68
106,手感柔软,68
413,触感细腻,68
1052,腰a字版型,69
335,a字版型,69
951,青春又,70
527,青春与,70
423,小脚裤型,71
59,小脚裤,71
352,对身材,72
386,对于身材,72
404,系带蝴蝶结,73
254,蝴蝶结系带,73
229,蝴蝶结绑带,73
455,给人眼前一亮,74
96,人眼前一亮,74
1178,女性柔美,75
841,女性优美,75
673,女性曼妙,75
305,牛仔半身裙,76
502,牛仔短裙,76
145,牛仔短裤,76
1159,牛仔连衣裙,76
861,直筒牛仔裤,76
498,小翻领,77
734,大翻领,77
189,街头风,78
147,街头潮,78
1041,了层次感,79
910,层次感和,79
1132,穿着舒适不,80
820,穿着舒适更,80
651,穿着舒适自在,80
511,穿着更加舒适,80
454,穿着舒适,80
431,穿着舒适度,80
743,穿着更舒适,80
258,脸部轮廓,81
430,脸部线条,81
932,性感迷人,82
348,性感妩媚,82
1168,性感魅力,82
310,性感魅惑,82
200,性感撩人,82
183,轻盈飘逸,83
347,灵动飘逸,83
604,轻盈灵动,83
391,飘逸灵动,83
328,简单却,84
1031,简单又,84
6,扣门襟,85
303,衣门襟,85
25,门襟,85
1156,腰部线条,86
475,臀部曲线,86
559,臀部线条,86
702,腿部曲线,86
757,腰部曲线,86
231,腿部线条,86
1055,个性时髦,87
1242,个性时尚,87
1058,潮流个性,87
1008,时髦个性,87
1205,时尚个性,87
893,个性潮流,87
432,舒适自如,88
535,舒适自在,88
213,文艺范儿,89
283,文艺范,89
399,文艺风,89
1090,穿着更加,90
851,穿着更为,90
40,筒裤型,91
375,直筒裤型,91
7,直筒裤,91
600,优质面料,92
146,优质纯棉,92
395,优质纯棉面料,92
459,包容性好,93
445,包容性很,93
1198,包容性很好,93
571,包容性很强,93
143,包容性强,93
1216,立体层次感,94
1042,整体层次感,94
318,层次美感,94
499,松紧腰,95
515,松紧腰头,95
1174,翻领衬衫,96
1244,衬衫翻领,96
652,优雅甜美,97
986,甜美优雅,97
313,甜美淑女,97
750,优雅淑女,97
713,图案印花,98
405,印花图案,98
507,碎花图案,98
1243,腰型,99
588,优雅大方,100
1070,优雅大气,100
892,大气优雅,100
712,黑色和,101
981,和白色,101
685,和黑色,101
1171,和袖口,102
1217,袖口和,102
1036,与袖口,102
684,袖口与,102
822,独特而,103
1034,独特又,103
617,舒适且,104
602,舒适而,104
1235,舒适又,104
787,舒适更,104
1059,优雅而,105
780,又优雅,105
1194,优雅又,105
368,身体曲线,106
426,身姿曲线,106
436,身材曲线,106
821,更是为,107
883,更是将,107
610,个性满满,108
811,个性十足,108
823,肉效果,109
1021,龄效果,109
58,格纹,110
372,色格纹,110
645,腰部系带,111
407,腰间系带,111
548,和颈部,112
550,了颈部,112
357,丰富层次,113
322,层次丰富,113
1062,整体更加,114
890,整体更,114
844,又个性,115
1193,个性又,115
1206,也更加,116
925,与大气,117
180,灰蓝色,118
93,浅灰色,118
798,丰富了视觉,119
800,丰富视觉,119
918,方便又,120
916,又方便,120
858,线条更,121
1144,十分舒适,122
1148,非常舒适,122
324,运动风,123
891,运动风格,123
687,设计师将,124
1140,设计师在,124
240,设计师为,124
900,而且也,125
996,而且很,125
1098,阔腿裤版型,126
888,高腰阔腿裤,126
954,阔腿裤型,126
152,阔腿裤,126
716,清爽利落,127
906,腿直,128
877,气质更加,129
222,鱼尾裙摆,130
290,鱼尾裙,130
663,时尚活力,131
1128,时尚魅力,131
1076,舒适柔软,132
417,柔软舒适,132
773,简洁圆领,133
1065,简约圆领,133
281,细节之处,134
464,细节处,134
56,打底衫,135
241,打底裤,135
1227,也不,136
671,同时又,137
567,同时还,137
659,同时也,137
990,同时更,137
1247,时尚元素,138
960,上身十分,139
956,上身非常,139
85,女人味儿,140
32,小女人味,140
1152,甜美气息,141
1063,柔美气息,141
1025,又可爱,142
949,可爱又,142
1146,还很,143
879,肤舒适,144
762,时髦气息,145
1123,潮流气息,145
1085,时尚气息,145
922,清爽又,146
497,a字半身裙,147
342,a字裙摆,147
596,a字裙,147
677,a字裙型,147
262,偏宽松,148
198,略宽松,148
294,蕾丝花边,149
451,蕾丝花纹,149
263,双腿比例,150
402,腿部比例,150
701,立体精致,151
755,精致立体,151
772,手臂曲线,152
466,手臂线条,152
1099,口袋处,153
1125,了传统,154
1248,都很,155
1126,裙摆处,156
420,妹子也,157
192,妹子都,157
720,身体线条,158
1230,身材线条,158
121,不显单调,159
1155,不单调,159
696,方便穿着,160
1060,穿着方便,160
971,完美身材,161
1190,高挑身材,161
1116,了时尚,162
1113,这款裙子,163
736,为这款裙子,163
1192,又很,164
1181,给人很,165
1240,为衣身,166
1161,与衣身,166
1169,了衣身,166
1160,这款短裤,167
1110,这款阔腿裤,167
608,这款休闲裤,167
824,这款牛仔裤,167
764,这款长裤,167
1112,这款裤子,167
1138,时尚优雅,168
843,优雅时尚,168
829,精致时尚,168
211,筒版型,169
577,裤版型,169
636,腿版型,169
1196,腰版型,169
786,裙版型,169
957,街头风格,170
1231,简约时尚,171
1097,经典简约,171
1183,更加纤细,172
724,这款黑色,173
1175,这款纯色,173
876,灵动而,174
997,灵动又,174
601,效果很,175
1092,效果也,175
1163,瘦又,176
995,了品牌,177
1001,在穿着,178
1075,印花面料,179
806,简约却,180
1226,简约又,180
1211,简约而,180
1219,而不,181
1238,就很,182
1218,时尚大方,183
782,大方时尚,183
948,时尚大气,183
117,衣身,184
1035,袖身,184
158,裤身,184
666,时尚而,185
1119,时尚又,185
930,又帅气,186
1118,帅气又,186
549,优雅知性,187
1164,知性优雅,187
1087,穿着不,188
1162,穿着更,188
1050,穿着也,188
1130,穿着很,188
865,很好看,189
710,都很好看,189
994,拉链口袋,190
43,美美哒,191
248,美美的,191
468,领口和袖口,192
390,袖口和下摆,192
1153,质感十足,193
1133,精致利落,194
723,在袖口,195
1089,在领口,195
1068,衬衫版型,196
1014,衬衫款式,196
805,简约风格,197
1102,简约风,197
1006,柔美气质,198
1239,甜美气质,198
977,给你舒适,199
1215,高又,200
781,美观时尚,201
640,时尚美观,201
974,灵动气息,202
560,边领口,203
756,字领口,203
1165,舒适自然,204
1246,牛仔衬衫,205
320,牛仔外套,205
998,在裙子,206
1129,比较宽松,207
887,可爱俏皮,208
190,俏皮可爱,208
1222,小外套,209
462,短款外套,209
545,典雅气质,210
742,优雅气质,210
1073,气质优雅,210
1093,在面料,211
1229,印花元素,212
1232,v型,213
1220,舒适不,214
1047,这款针织,215
763,这款针织衫,215
1141,女性气质,216
1048,气质十足,217
448,甜美可爱,218
727,可爱甜美,218
74,酒红色,219
646,条纹元素,220
321,格纹元素,220
3,格纹元素,220
97,裙身上,221
126,衣身上,221
679,裤身上,221
1095,你轻松,222
1104,在细节,223
871,俏皮又,224
867,又俏皮,224
1249,丰富整体,225
620,丰富了整体,225
698,长款连衣裙,226
1012,碎花连衣裙,226
1186,吊带连衣裙,226
1250,印花连衣裙,226
1213,针织连衣裙,226
1204,蕾丝连衣裙,226
779,无袖连衣裙,226
1245,不简单,227
1043,色效果,228
708,清新而,229
718,清新又,229
367,修长脖颈,230
597,穿着柔软,231
690,大方又,232
895,又大方,232
1028,气质和,233
1203,很高,234
819,并在,235
274,给您,236
904,突出了,237
1202,时尚单,238
946,在胸前,239
350,脖颈线条,240
250,脖颈曲线,240
486,了趣味性,241
1111,宽松舒适,242
108,纱质,243
441,气息扑面而来,244
589,利落干练,245
233,干练利落,245
935,在时尚,246
1201,更加丰富,247
1185,与活力,248
973,活力与,248
452,立体感十足,249
955,层次感十足,249
1172,活力十足,250
259,活力满满,250
729,小碎花,251
899,潮流时尚,252
854,时尚潮流,252
826,宝贝穿着,253
770,宝宝穿着,253
165,简约而不简单,254
563,简约而不,254
552,这款男士,255
670,飘逸又,256
812,少女气息,257
376,腿型,258
195,碎褶,259
683,不同身材,260
968,下摆处,261
252,得恰到好处,262
256,恰到好处地,262
612,时尚印花,263
939,更加精致,264
828,了条纹,265
941,整体造型,266
1061,人很,267
937,经典圆领,268
439,小巧精致,269
566,精致小巧,269
424,睡衣风,270
1026,日常穿着,271
581,又迷人,272
863,你舒适,273
463,女性温婉,274
140,花朵刺绣,275
469,刺绣花朵,275
594,时髦度,276
914,时尚度,276
754,着满满的,277
719,绳系带,278
1020,丰富了,279
695,方便宝宝,280
621,方便孩子,280
832,小v,281
1197,穿着效果,282
1189,给整体,283
1032,了整体,283
964,清爽舒适,284
525,清凉舒适,284
1030,运动气息,285
953,更强,286
825,unk面料,287
1054,unkunk,288
643,小赘肉,289
804,穿着美感,290
1109,与个性,291
980,个性与,291
902,在连衣裙,292
797,了连衣裙,292
1019,为连衣裙,292
704,版型比较,293
905,女性身材,294
1251,袖型,295
1017,迷人魅力,296
243,清爽干净,297
242,干净清爽,297
450,膝盖处,298
356,部线条,299
813,低调又,300
947,这款雪纺衫,301
1188,这款雪纺,301
691,了常规,302
699,穿着时,303
1233,清新甜美,304
803,又自然,305
984,丰富层次感,306
886,层次感丰富,306
595,又耐看,307
619,这款蕾丝,308
1040,衣型,309
979,小吊带,310
477,脸小,311
991,很甜美,312
650,却不,313
993,蕾丝元素,314
1114,蕾丝面料,315
958,宽松直筒,316
945,直筒宽松,316
1057,肩部线条,317
774,更修长,318
1079,更加修长,318
1150,在腰部,319
933,双腿更,320
921,女性性感,321
1011,很简单,322
217,牛仔蓝色,323
444,牛仔蓝,323
853,更加优雅,324
693,利落大方,325
1029,你穿着,326
818,刺绣工艺,327
1115,阔腿版型,328
1237,高腰版型,328
508,精美别致,329
807,色腰带,330
745,不羁个性,331
961,时尚亮点,332
889,网纱裙摆,333
24,网纱裙,333
989,不规则裙摆,334
77,雪纺衫,335
881,雪纺衬衫,335
733,雪纺裙,335
920,雪纺连衣裙,335
1166,这款牛仔,336
1088,将性感,337
410,各种身材,338
526,各种身材都,338
741,这款棒球,339
520,身型,340
873,帅气干练,341
880,又特别,342
744,并不,343
288,拉链门襟,344
583,纽扣门襟,344
815,方便了,345
732,得更加,346
848,版型非常,347
1024,又大气,348
834,大气又,348
860,个性独特,349
966,独特个性,349
1195,不完美,350
1044,锁骨和,351
1154,更为舒适,352
1236,更加舒适,352
1046,更舒适,352
909,经典又,353
1016,这款时尚,354
875,腰款式,355
963,独特魅力,356
707,v形,357
878,版型更加,358
706,非常别致,359
692,腰a字,360
1120,版型宽松,361
837,宽松版型,361
768,性感气息,362
585,小肉,363
747,而又,364
656,潮人,365
1223,小细节,366
373,妹子们,367
427,花卉图案,368
330,花朵图案,368
532,高级质感,369
1135,性感v,370
1200,蕾丝裙,371
616,蕾丝衫,371
1053,既不,372
1009,了个性,373
1209,肩型,374
735,细腻柔软,375
667,柔软细腻,375
1176,brand这款,376
1177,领口和,377
952,与领口,377
810,了身材,378
1005,将身材,378
623,面料材质,379
637,材质面料,379
618,碎花印花,380
593,下摆都,381
481,大裙摆,382
999,又舒适,383
658,锁骨曲线,384
425,锁骨线条,384
944,效果好,385
1018,很方便,386
1103,性感锁骨,387
580,线条流畅,388
437,拉高腰线,389
833,精致锁骨,390
665,这款简约,391
830,人穿着,392
1184,色印花,393
167,清新淡雅,394
1084,清新优雅,394
561,和下摆,395
1207,时尚气质,396
1157,视觉美感,397
638,效果非常,398
817,气质又,399
885,纤细手臂,400
776,非常个性,401
923,舒适好,402
628,裙长,403
1124,却又,404
484,清新靓丽,405
777,了潮流,406
717,基础款式,407
584,在裙,408
1078,在衣,408
927,人感觉,409
1067,时尚风格,410
709,在这个,411
1170,经典时尚,412
896,时尚经典,412
929,时尚造型,413
816,了穿着,414
703,瘦效果,415
531,为整体,416
1224,又不,417
749,时尚前卫,418
1122,上身舒适,419
75,黄金身材,420
362,黄金身材比例,420
897,时尚美感,421
296,双腿曲线,422
1004,双腿线条,422
513,米白色,423
913,简约宽松,424
598,线条和,425
680,柔美和,426
1101,上身就,427
1151,都不,428
1015,为你,429
1056,甜美俏皮,430
629,还特别,431
959,丰富细节,432
675,女性魅力,433
609,卫裤,434
228,这款连体,435
157,较强,436
253,年轻活力,437
409,水洗牛仔,438
60,中国风,439
47,蝙蝠袖,440
775,色字母,441
411,和实用性,442
838,小衫,443
364,气质感,444
118,襟处,445
962,街头气息,446
178,肉肉,447
607,公主裙,448
132,同款,449
557,精致脸型,450
358,方便日常,451
1010,细节美感,452
1167,自然腰,453
555,视觉层次,454
983,视觉层次感,454
52,高显瘦,455
590,风气息,456
316,不闷热,457
38,车线,458
155,着丝丝,459
753,灵动性,460
72,脚口,461
203,不过分,462
12,高街,463
144,阔腿,464
1180,裙型,465
50,小女人,466
109,成熟稳重,467
556,女性独特,468
137,基础款,469
614,风十足,470
2,娇俏,471
199,杏色,472
238,不拖沓,473
49,小蛮,474
529,小甜心,475
676,好气质,476
660,立体挺括,477
1072,韵味十足,478
162,纹元素,479
291,田园风,480
615,真的很,481
26,挺阔,482
153,给人,483
333,名媛气质,484
80,坑条,485
700,了视觉,486
107,棉混纺,487
63,一大亮点,488
177,微喇叭,489
388,贴合手腕,490
9,凹凸有致,491
758,了脖颈,492
45,直筒,493
315,在不经意,494
61,泡泡袖,495
1013,在版型,496
500,经典耐看,497
919,人都,498
1080,精致优雅,499
859,非常好,500
306,性洒脱,501
1051,优雅女人味,502
433,不紧,503
517,v字型,504
319,了衣物,505
84,这个季节,506
122,腰腹,507
128,整个人,508
295,性自在,509
576,臀裙,510
1,妥妥,511
490,睛亮点,512
289,娃娃衫,513
669,荷叶袖,514
54,软糯,515
57,牛仔布料,516
21,小黑裙,517
275,睛亮眼,518
98,薄款,519
127,仙气十足,520
544,性慵懒,521
648,给你,522
421,直身,523
789,衣身层次感,524
799,修长纤细,525
501,纤细修长,525
761,美观性,526
171,在一起,527
540,字版型,528
565,女人味十足,529
438,高腰线,530
28,本布,531
317,慵懒随意,532
35,随身物品,533
164,针织开衫,534
562,大v,535
141,腰节,536
613,弹力松紧,537
582,优美曲线,538
10,学院风,539
237,波点网纱,540
156,设计师为这款,541
64,妹纸,542
36,黄金比例,543
130,长款,544
537,小清新,545
361,波点元素,546
71,波点,547
808,视觉亮点,548
363,白皙肌肤,549
89,喇叭袖,550
894,很特别,551
1221,上身更加,552
978,在这,553
882,小a,554
86,连体裤,555
312,对称口袋,556
494,也不用,557
453,更加贴合,558
489,品牌logo,559
512,小性感,560
1208,更加方便,561
748,更为方便,561
1225,更方便,561
972,了裤子,562
850,了裙子,562
369,小公主,563
746,上身轻松,564
574,a字大,565
903,打造出大长腿,566
120,小个子女生,567
487,脚裤,568
868,腿裤,568
496,小淑女,569
1022,甜美又,570
611,又甜美,570
197,圆领套头,571
625,将腿部,572
11,隐形拉链,573
791,俏皮气息,574
5,水溶蕾丝,575
478,完美地,576
301,在身上,577
360,轻松凹造型,578
268,小高领,579
161,金属圆环,580
104,斜插袋,581
125,裸粉色,582
970,衣身整体,583
434,卡通印花,584
737,高腰阔腿,585
221,小仙女们,586
227,小缺陷,587
605,小肉肉,588
379,范十足,589
534,大口袋,590
67,太过,591
530,很不错,592
461,松紧裤腰,593
924,精致细腻,594
19,少女心,595
705,很强,596
174,潮范儿,597
82,衣面,598
191,在路上,599
92,各种场合,600
264,女神范,601
17,唯美的,602
15,卷边,603
523,破洞元素,604
224,质地轻盈,605
214,衣摆处,606
99,萌趣,607
505,高腰a字,608
412,型男,609
992,干练气质,610
219,给身体,611
447,不那么,612
129,春夏季节,613
539,清新文艺,614
101,曼妙身姿,615
114,bf风,616
591,肩线,617
326,裙面,618
66,纯黑,619
208,logo印花,620
869,丰富造型,621
739,不仅方便,622
4,张弛有度,623
133,小蛮腰,624
244,合身形,625
872,整体风格,626
18,轻熟,627
230,青春靓丽,628
697,了身形,629
793,unk人,630
39,韩版,631
730,青春时尚,632
131,个人气质,633
846,腰处,634
87,灯笼袖,635
435,运动活力,636
377,蛮腰,637
202,更好地,638
23,孕妈,639
287,重工刺绣,640
587,纯色色调,641
473,毛边裤脚,642
48,得淋漓尽致,643
657,之余又,644
142,荷叶边,645
206,有点小,646
304,在人群,647
1023,很精致,648
201,修长双腿,649
847,轻松打造出,650
30,藏肉,651
323,时尚达人,652
297,brand家,653
327,高腰,654
44,个性别,655
365,夏季穿着,656
62,腰封,657
543,蛋糕裙,658
148,实用性强,659
380,隐约着,660
428,贴合女性,661
641,层次效果,662
124,水洗工艺,663
479,波浪边,664
70,香肩,665
279,h型,666
519,在举手投足,667
874,又利落,668
849,性自由,669
931,更加时尚,670
29,小开叉,671
866,温柔气质,672
715,又别致,673
792,细节都,674
558,胸型,675
346,范儿十足,676
396,伞裙,677
398,着浓浓的,678
401,宝宝们,679
51,网纱,680
73,polo衫,681
260,贴合肌肤,682
394,字肩,683
586,和裤脚,684
13,斜插口袋,685
521,少了,686
55,微喇,687
176,旧工艺,688
149,小心机,689
928,整体线条,690
456,满满的少女,691
485,完美贴合,692
474,保暖效果,693
564,精致小,694
374,场合穿着,695
542,h版型,696
533,不对称,697
1074,与裙摆,698
225,轻松凹,699
731,这款阔腿,700
446,小物品,701
626,洋气又,702
16,刚刚好,703
273,很容易,704
809,了少女,705
898,独特气质,706
336,不拘束,707
371,腰阔,708
349,颈部肌肤,709
765,了青春,710
37,永不过时,711
856,肉又,712
471,字母图案,713
857,身材都,714
488,艺术气息,715
492,褶皱花边,716
205,单排纽扣,717
642,女性纤细,718
27,大热,719
339,肩袖,720
329,裤脚处,721
460,浪漫风情,722
232,职场女性,723
285,仙美,724
111,棉料,725
721,舒适大方,726
91,深v,727
69,视觉冲击力,728
14,极简,729
119,凹造型,730
370,一直都,731
631,款宽松,732
482,腰细,733
518,西装翻领,734
53,湿透气,735
341,很好,736
175,胸口处,737
840,裙摆自然,738
286,本身就,739
209,小仙女,740
387,在阳光,741
307,小脸,742
255,窈窕身姿,743
682,这款宽松,744
168,洋溢着青春,745
722,线条美感,746
8,天鹅颈,747
572,了手臂,748
266,宫廷风,749
1083,裙子更,750
78,a字,751
969,a型,752
293,名媛范,753
796,贴合身材,754
467,线工整,755
778,了细节,756
751,时尚好看,757
767,上身效果,758
278,几何图案,759
1147,圆领领口,760
300,卡通图案,761
385,锥形裤,762
249,经过水洗,763
415,桑蚕丝面料,764
298,少女情怀,765
159,点元素,766
551,为其,767
325,下身比例,768
383,很好地,769
1038,比较舒适,770
113,基本款,771
282,花卉刺绣,772
493,新颖独特,773
926,更加高挑,774
136,场合都,775
265,格子图案,776
220,聚酯纤维面料,777
344,身材包容性,778
223,且不易,779
334,褶工艺,780
102,腰头,781
194,任何场合,782
630,身精致,783
653,轻薄舒适,784
34,民族风,785
570,直筒版型,786
90,小白鞋,787
187,贴合颈部,788
1003,了衬衫,789
1117,在衣身,790
33,极强,791
351,透气性好,792
269,不容易,793
784,在裙身,794
392,为底色,795
752,了层次,796
81,千鸟格,797
182,束脚裤,798
271,各种身形,799
340,这款polo,800
389,潮酷,801
599,舒适方便,802
31,中长款,803
578,立体花朵,804
42,潮男,805
457,刺绣图案,806
0,嘻哈,807
381,甜美可人,808
503,格子元素,809
302,较为宽松,810
169,字母刺绣,811
384,性不羁,812
299,为基调,813
547,时尚圈,814
440,人眼球,815
284,不再单调,816
79,英伦风,817
1139,腰身线条,818
110,巧妙地,819
337,袖口处,820
76,纯黑色,821
163,率性洒脱,822
20,轻奢,823
538,袖造型,824
185,优质雪纺,825
332,贴合身体,826
418,满满的活力,827
514,街头潮流,828
247,不过时,829
506,双层裙摆,830
186,略微宽松,831
354,现代女性,832
393,成熟女性,833
154,裙身,834
65,单排扣门襟,835
181,同色,836
408,身线,837
726,连衣裙整体,838
115,街头嘻,839
839,肤柔软,840
235,对身体,841
728,衬衫式,842
100,风琴褶,843
522,v字,844
406,以黑白,845
569,层次感更加,846
83,不显臃肿,847
403,裤型,848
184,较好,849
277,小物件,850
138,腿长,851
22,a字型,852
46,束脚,853
664,优雅高贵,854
714,不同风格,855
510,知性魅力,856
495,任何身材,857
123,大方得体,858
207,从细节,859
314,字母印花,860
188,门襟处,861
845,腰系带,862
429,肩颈,863
575,字裙,864
536,腰a,865
862,女性优雅,866
88,潮牌,867
166,潮范,868
606,而且还,869
