-0.6725372672080994	-0.3375891447067261	0.5230304598808289	0.539696216583252	-0.22330427169799805	-0.6945132613182068	0.21556082367897034	-0.027683468535542488	-1.3416333198547363	0.9446203708648682	0.5385991930961609	-1.2244606018066406	2.0220553874969482	0.45395222306251526	1.2637585401535034	-1.6628793478012085	0.4018024504184723	0.3210478127002716	0.5385391712188721	1.0809799432754517	0.0829954743385315	-1.0116544961929321	-0.16112194955348969	0.6182693243026733	1.1481562852859497	-0.7259296774864197	-0.8214339017868042	-0.9528391361236572	-1.2469794750213623	0.6948955059051514	0.2594897747039795	-1.811024785041809	-1.6240520477294922	1.0903569459915161	0.23541082441806793	1.1125566959381104	-1.7748371362686157	-0.44850584864616394	1.560196876525879	0.9462841749191284	0.8776295185089111	1.459777593612671	0.3896453082561493	0.17944876849651337	-0.401035338640213	-0.7667524814605713	-0.664234459400177	0.5823715925216675	0.8078860640525818	-1.324941635131836
0.4531863331794739	0.7696549892425537	-1.2945537567138672	0.5897557139396667	0.641023576259613	0.5267469882965088	-0.12482921034097672	-1.0815664529800415	-1.1134454011917114	-1.341231346130371	0.5818766951560974	-0.06624582409858704	-0.6783303618431091	-0.8026114702224731	-1.6312209367752075	0.06323465704917908	-1.3239271640777588	0.9692392349243164	-1.0893203020095825	0.05695067346096039	1.17570161819458	0.023121410980820656	-0.8160268068313599	-0.7594186663627625	-1.0722508430480957	0.7193934321403503	0.6411305665969849	-0.12978455424308777	1.2982749938964844	0.4175628125667572	-0.5582267045974731	-0.7185137271881104	-0.8072401881217957	0.09076278656721115	-1.1431658267974854	2.1046030521392822	0.966168224811554	-1.098750352859497	-0.009287772700190544	0.5904913544654846	0.21719059348106384	0.44080230593681335	1.3653639554977417	-0.21451374888420105	-0.5446747541427612	-0.4012233316898346	1.699434518814087	-0.11034277081489563	0.6801331043243408	-1.4836890697479248
0.4666590988636017	0.2426026463508606	0.25558963418006897	0.07632499933242798	1.2982509136199951	-0.4699661135673523	-1.808366298675537	-1.2874701023101807	0.2100861668586731	1.130824089050293	0.08871638774871826	0.29652976989746094	0.1200106292963028	0.09471407532691956	-0.26832303404808044	-1.2332205772399902	1.087741732597351	0.6754323244094849	-1.015243411064148	1.5730860233306885	0.44746002554893494	-1.2679163217544556	-0.8492150902748108	1.5069398880004883	-1.384269118309021	-0.4122332036495209	-1.5686490535736084	0.2476075291633606	-1.0692825317382812	0.6871803998947144	0.47709524631500244	-1.5051907300949097	0.9873839616775513	-0.28157997131347656	-0.6395548582077026	0.20750340819358826	-0.27288421988487244	-1.6883056163787842	0.410246878862381	0.14336392283439636	0.2803393602371216	0.48892897367477417	-0.31077221035957336	-0.4154760241508484	-0.2185106873512268	1.2538607120513916	-0.06626488268375397	-0.7364981174468994	1.228011965751648	-0.8910126090049744
-0.6037365198135376	-0.40768077969551086	0.14112287759780884	0.5750201344490051	-0.6143291592597961	-2.4371819496154785	-0.4257078468799591	-0.810955822467804	-0.2880290150642395	0.6000348925590515	1.5446728467941284	-0.47055670619010925	2.025515079498291	1.222086787223816	0.4550471007823944	0.37865233421325684	-0.26133984327316284	1.4126441478729248	-0.24053871631622314	0.47475510835647583	-0.21452541649341583	-1.2759134769439697	1.2593966722488403	1.5704282522201538	1.1547647714614868	0.28916484117507935	0.29137539863586426	0.24959780275821686	0.5014855861663818	-1.9681986570358276	0.1275782585144043	-0.14545753598213196	-1.0221556425094604	-1.8203102350234985	1.104706048965454	0.7884775400161743	0.6830956339836121	-0.8842810392379761	1.1834131479263306	-0.23158492147922516	0.5767223834991455	0.664897084236145	-0.9565409421920776	1.9008675813674927	0.9994528293609619	-0.42899903655052185	-1.1657239198684692	1.0245877504348755	-0.05687340721487999	1.446962833404541
-0.4312818944454193	-0.4717313051223755	0.7521152496337891	0.4034295678138733	-0.16536909341812134	1.0332874059677124	1.7743926048278809	0.5753191709518433	-0.35626929998397827	0.3639344274997711	0.7663364410400391	-0.8785885572433472	-1.079185128211975	1.900482416152954	1.3332566022872925	-0.17047911882400513	-0.3479987680912018	-2.743283271789551	-1.2329412698745728	0.44577842950820923	0.8067114949226379	2.2803328037261963	-1.556158185005188	0.23211093246936798	-1.3157483339309692	1.7867320775985718	1.0001884698867798	0.27463093400001526	0.8699116110801697	-0.6875497698783875	1.363244891166687	-1.0193300247192383	-0.29546642303466797	0.18544769287109375	0.7974534034729004	0.2131562978029251	0.6930302977561951	0.19325008988380432	0.15629659593105316	0.8546934723854065	0.21927191317081451	-1.496139645576477	-0.19532279670238495	0.389041006565094	-1.506748914718628	0.18234673142433167	2.091423988342285	0.7704599499702454	0.5503538846969604	0.025574004277586937
0.45674192905426025	-0.6315844655036926	-0.534754753112793	0.6309598684310913	1.1791222095489502	0.2485359162092209	-0.9876117706298828	-1.2259925603866577	-0.9917951822280884	0.35704779624938965	0.727575957775116	0.04225502535700798	-1.0990585088729858	-0.7103498578071594	0.9201655387878418	0.9882338643074036	-0.4194248616695404	0.5944668650627136	-1.5734614133834839	-0.5732864737510681	-1.0660985708236694	-1.5038049221038818	2.135308265686035	-0.6382563710212708	0.3593297600746155	-1.2583369016647339	0.6434311270713806	1.302266001701355	-0.6220041513442993	-0.34076181054115295	-0.26425662636756897	-0.7046456336975098	-0.5877720713615417	-0.6283021569252014	1.5220228433609009	-0.5787511467933655	-0.16089576482772827	-0.8362478017807007	1.3877853155136108	-0.775095522403717	-0.7804015874862671	1.0237771272659302	-0.5675590634346008	-0.47097712755203247	-0.7981563806533813	1.5306698083877563	0.5294002890586853	-1.9599957466125488	-0.6661470532417297	2.466773748397827
0.9807122349739075	-0.8042224645614624	-1.4001493453979492	-1.0840383768081665	1.1340540647506714	-0.840757429599762	-1.3146522045135498	0.16064178943634033	0.5687217116355896	-1.9167035818099976	0.6884777545928955	-0.5333254933357239	-0.6084980964660645	-1.966644048690796	-0.8556142449378967	0.818729043006897	0.19454236328601837	0.6296476125717163	-1.330487608909607	0.12252818793058395	-0.9978944659233093	1.2803906202316284	1.4637117385864258	0.6627303957939148	0.6619831323623657	-0.5181925296783447	-2.0379366874694824	-1.8195477724075317	-0.6766625046730042	-0.23012657463550568	1.4109524488449097	-0.2957441210746765	-1.3874905109405518	0.2842467427253723	-0.4542860686779022	-1.4329514503479004	-1.1930134296417236	-0.37230274081230164	0.13044196367263794	-0.5512685179710388	-1.6137031316757202	-0.16021369397640228	-1.4546756744384766	0.15424297749996185	1.4509193897247314	-2.470165252685547	-0.03298189118504524	0.3077274560928345	1.9829723834991455	0.022576216608285904
-1.5881707668304443	-0.26315805315971375	1.0304654836654663	0.5485113263130188	0.5598616600036621	1.0151541233062744	0.30046722292900085	-1.4180926084518433	0.424745112657547	-0.3134782314300537	-1.4846022129058838	0.41395166516304016	-1.141294002532959	0.6893315315246582	0.12603582441806793	-1.4519295692443848	1.5737088918685913	-2.4307289123535156	-1.408424735069275	-0.2035437673330307	-1.0713642835617065	1.6282175779342651	1.106249451637268	-0.11803063750267029	-1.279459834098816	-1.4162776470184326	-0.7285643815994263	-0.10445098578929901	2.467036008834839	-1.2693231105804443	0.13537593185901642	0.6922880411148071	-0.8317444920539856	-0.7682431936264038	0.4248700737953186	0.7424114346504211	1.2131016254425049	-0.8446191549301147	0.18170487880706787	-1.1524535417556763	1.3271535634994507	-0.013795893639326096	-0.6240139603614807	1.4525701999664307	-1.254370927810669	0.11099659651517868	0.27707594633102417	1.7100512981414795	0.33112606406211853	-0.17564032971858978
0.8544859886169434	-0.12335256487131119	0.969231367111206	0.6162359118461609	-0.2457868456840515	1.0854970216751099	1.0072517395019531	-1.5628045797348022	-1.3226834535598755	-0.34081146121025085	-1.615544319152832	-0.8216190338134766	-0.45102250576019287	0.6556978225708008	0.8384633660316467	-1.7966387271881104	-0.5369793176651001	-0.6658264994621277	-0.5062273740768433	-2.2112345695495605	-0.83040851354599	0.12780705094337463	0.3030148446559906	0.5497850179672241	0.7883750796318054	-0.7644445300102234	1.1463305950164795	-0.39693450927734375	0.18272387981414795	0.4693445861339569	1.788705587387085	0.681911051273346	2.22326922416687	0.6591796278953552	-1.0279350280761719	2.1232707500457764	-1.550597906112671	0.1384274810552597	0.10035070031881332	-0.12467220425605774	-0.8141711950302124	1.745306372642517	-0.5125674605369568	0.9049515724182129	-0.6846793293952942	-0.022051356732845306	1.0721684694290161	-1.0469423532485962	0.715314507484436	0.11432071775197983
0.4063941240310669	0.04300197586417198	0.2984674572944641	-0.19793511927127838	-0.5163657069206238	0.12484588474035263	-0.5491483211517334	0.9449753761291504	0.50233393907547	0.46530526876449585	0.6084339618682861	1.5769386291503906	-0.4942706525325775	-1.4359455108642578	1.4099454879760742	0.7620511651039124	-1.4380333423614502	0.6678014397621155	-1.1182788610458374	0.027851030230522156	0.5906736850738525	-0.676451563835144	1.51075279712677	-1.570461392402649	-1.1341640949249268	-0.11863435059785843	0.6207879185676575	-0.7349762320518494	0.6786723732948303	-1.3280391693115234	1.0357304811477661	-0.6392852067947388	-0.3048818111419678	2.7275705337524414	1.3103359937667847	-0.164719820022583	-0.09150919318199158	-0.7000911235809326	-0.39649221301078796	1.3994275331497192	2.052401542663574	0.3774065375328064	0.6504251956939697	-0.27369365096092224	-1.1414932012557983	-0.44955044984817505	-0.17663894593715668	-0.361244797706604	0.03958922624588013	-1.5754457712173462
-0.2946943938732147	0.2668161690235138	-0.44728606939315796	-2.840583562850952	0.3323538601398468	0.5797723531723022	-0.9402120113372803	0.6982070803642273	0.48801037669181824	0.24846932291984558	-0.10300817340612411	-0.19635914266109467	-0.6797008514404297	0.0910293236374855	0.12436853349208832	-0.763163685798645	-0.09794525057077408	0.3284027874469757	-0.31337979435920715	1.0707314014434814	0.6505914330482483	-0.6198944449424744	-2.3385822772979736	0.998115599155426	0.30563029646873474	0.2608603239059448	0.12726183235645294	0.09080183506011963	-0.10467752069234848	-1.632735252380371	0.4117653965950012	0.7895876169204712	0.13179543614387512	-0.7215701341629028	-1.2830172777175903	-0.25472450256347656	0.47916796803474426	-0.06316181272268295	-1.501106858253479	0.8141442537307739	0.6266578435897827	0.32569193840026855	-1.6689256429672241	0.45310330390930176	-0.36323294043540955	-0.985295295715332	0.917831301689148	-1.0046443939208984	1.8707462549209595	-2.6183080673217773
-0.06711716949939728	-0.5968356132507324	-0.029739873483777046	-0.36712515354156494	1.163164734840393	0.9760571122169495	0.7663878202438354	0.06854470074176788	0.7946654558181763	-1.8083785772323608	-1.1484577655792236	0.4507339596748352	0.07749912142753601	-1.355644941329956	-0.47436121106147766	0.9941784143447876	-1.7473808526992798	-1.4755222797393799	-0.34632617235183716	-0.36826080083847046	-1.1059002876281738	0.6285387277603149	-0.3925338685512543	-0.5420027375221252	0.0031398257706314325	-1.4990057945251465	0.23914486169815063	-0.12641701102256775	0.5039302706718445	-0.9958536028862	-0.05527811497449875	-0.3864234387874603	-1.4700027704238892	0.5311025977134705	0.6153445243835449	-0.13174614310264587	0.07975196838378906	0.39597538113594055	-1.9946130514144897	1.640947937965393	-0.5618507862091064	-0.4295400381088257	-1.0281330347061157	0.32002347707748413	0.7492383122444153	-0.3139188587665558	-0.31073108315467834	1.3624831438064575	0.7974234819412231	0.840995192527771
0.25508978962898254	-0.18011166155338287	0.31771209836006165	-0.8948212265968323	1.2389150857925415	-0.4214441180229187	0.20767077803611755	0.6888970732688904	-0.605745792388916	-0.7304908633232117	0.9048532843589783	-0.027269141748547554	0.10740455985069275	-0.4963027834892273	-0.6120900511741638	0.499767005443573	1.0520552396774292	2.1952667236328125	0.2929755449295044	1.8239789009094238	-1.1348809003829956	0.11374308168888092	0.8740717768669128	-1.3601852655410767	-0.7685109376907349	0.7897334694862366	-1.5171434879302979	-0.8868187069892883	-0.5242730379104614	0.35848429799079895	-0.4470483362674713	-0.5089004039764404	-0.7029110789299011	-0.523798406124115	1.1653945446014404	0.2936815619468689	0.5002180337905884	-2.135847568511963	-1.8075203895568848	1.2160289287567139	0.09350614249706268	-1.5663846731185913	-0.31066134572029114	0.7789501547813416	-0.8710628747940063	-1.151853084564209	0.5992914438247681	-0.867160439491272	-1.5080143213272095	-0.9037057757377625
-0.4664197266101837	1.0893703699111938	-0.3112575113773346	-1.3093575239181519	-0.17646938562393188	-0.9031440615653992	0.0067276787012815475	1.3562257289886475	-1.4627788066864014	-0.20593000948429108	-0.22692295908927917	0.018876727670431137	-1.8662298917770386	0.8346374034881592	-0.7318471074104309	-0.2727500796318054	-2.616729259490967	-0.1577947586774826	-0.25060534477233887	-0.8747033476829529	-1.017532229423523	0.7824431657791138	-0.6960312724113464	-1.1424323320388794	-0.4851420521736145	-1.0950744152069092	-1.258259654045105	-0.22705189883708954	1.3975976705551147	-0.5026130676269531	0.045095689594745636	0.8260940313339233	0.013226964510977268	0.06257554143667221	-1.2217581272125244	-1.8082695007324219	0.1289428472518921	-0.952741265296936	0.3042992949485779	-0.30006712675094604	0.30606454610824585	-1.453831434249878	0.8313788175582886	0.8892228007316589	-1.7997640371322632	0.050261951982975006	0.6035322546958923	1.4714434146881104	-0.2357546091079712	-1.853796124458313
-1.1277316808700562	-0.5436353087425232	-1.387651801109314	-1.489833116531372	-0.09165829420089722	0.40078505873680115	-0.4258224368095398	0.1307205706834793	0.3619178533554077	-0.05395565927028656	0.6928162574768066	0.9493408203125	2.095397710800171	0.21202008426189423	-0.7101022005081177	-0.6468484997749329	-0.6798040270805359	0.41527822613716125	-1.0382015705108643	-0.7944788932800293	0.9366368651390076	1.3657370805740356	0.08082509785890579	0.42325538396835327	-1.181826114654541	0.17888689041137695	0.31278324127197266	-0.24098427593708038	0.9294149875640869	-0.15827728807926178	0.6095794439315796	-0.5716744065284729	1.2047226428985596	1.0684212446212769	0.022422481328248978	-0.02187436632812023	1.174595594406128	0.46971383690834045	-0.3046758770942688	0.4678451418876648	-1.1931793689727783	0.6130789518356323	-0.9527860879898071	-1.272629737854004	0.15608268976211548	-1.1318589448928833	-0.39893439412117004	-0.002376919612288475	0.18330861628055573	0.707070529460907
0.2805463969707489	1.1434210538864136	-1.668325424194336	0.32979366183280945	1.68018639087677	-1.2519174814224243	0.3245721757411957	0.8975735902786255	-0.8364397287368774	0.026814399287104607	-1.4358829259872437	1.384787678718567	-0.8524699807167053	-0.7715299129486084	-0.24428457021713257	-0.6817431449890137	-0.11641309410333633	-0.0586555190384388	-0.06877390295267105	-1.3178555965423584	1.1108527183532715	-0.2602176368236542	-1.0180803537368774	-0.2505304515361786	-1.4408355951309204	0.5394361615180969	0.6836469173431396	1.1092889308929443	-0.6038371920585632	0.3768078088760376	-1.1432198286056519	-0.8051532506942749	0.2922949194908142	0.06983580440282822	-1.3146367073059082	1.6391810178756714	0.09246568381786346	0.4459608197212219	0.8054046034812927	1.003263235092163	0.25992026925086975	0.006614326033741236	-2.0363099575042725	0.4027155041694641	-0.7692220211029053	-0.7184769511222839	-1.1744991540908813	0.9223712086677551	-0.4871317446231842	0.6811551451683044
-0.7653266787528992	-0.1995900720357895	0.3155067563056946	0.24860817193984985	-0.556078314781189	-0.7191161513328552	1.2075414657592773	-2.1585655212402344	-0.3026907444000244	0.6592361927032471	-0.0690615326166153	-0.526435375213623	-0.30402785539627075	0.743155837059021	0.9755319356918335	0.7131762504577637	0.5529477000236511	0.5112372040748596	0.7977621555328369	-1.099997639656067	-1.1404130458831787	0.8715590834617615	0.19936728477478027	-0.4225548505783081	0.1879509836435318	-1.361807107925415	-1.0047563314437866	0.9154088497161865	1.00547456741333	1.042466402053833	-2.4239511489868164	0.6512370705604553	-0.060221243649721146	0.32580897212028503	-0.02852044813334942	0.09510890394449234	-1.5577702522277832	-0.4270411729812622	0.06994207203388214	-0.1529552936553955	-0.012303348630666733	-1.3222382068634033	0.10023660212755203	0.8405617475509644	0.27584829926490784	0.22401155531406403	0.8909130096435547	3.0942494869232178	1.5048857927322388	2.337845802307129
1.2587251663208008	1.0617331266403198	0.7818293571472168	0.10291248559951782	0.2897860109806061	0.8656139373779297	-0.9360750317573547	0.58100825548172	-0.8823131322860718	0.5877764225006104	-0.9148923754692078	0.003996018785983324	2.372772455215454	-0.07465746253728867	-2.068866491317749	0.25267937779426575	-0.7528748512268066	0.39238283038139343	0.1512107104063034	-0.38091516494750977	-1.8686940670013428	0.6067691445350647	0.060905441641807556	-0.7449171543121338	0.8917884826660156	0.5318284630775452	0.657421886920929	-0.833458662033081	0.43540066480636597	-0.529371440410614	1.0143929719924927	1.8525333404541016	-0.1303626298904419	-1.6540178060531616	-1.1489105224609375	-0.7942015528678894	2.268270492553711	-1.1618659496307373	0.6646322011947632	0.32512328028678894	0.17206551134586334	0.9406601190567017	0.10481250286102295	0.41478750109672546	-0.6047537326812744	-0.6557806134223938	0.8356568813323975	0.2169078141450882	0.4693849980831146	0.4567319452762604
-0.14347770810127258	-0.9211631417274475	0.9432654976844788	0.11628352105617523	-1.1096261739730835	-0.4750438630580902	-0.8729981184005737	0.44264256954193115	0.5521095991134644	0.6201605200767517	-1.5102430582046509	-0.5856018662452698	0.39999401569366455	1.1769543886184692	-0.18003058433532715	-0.0008124979212880135	0.3665117025375366	0.2801816761493683	-0.11742780357599258	-0.6008238196372986	0.17153850197792053	0.09714985638856888	-0.13163980841636658	-1.333305835723877	-1.0912824869155884	0.519862949848175	-1.1310875415802002	0.06856738775968552	-0.15575677156448364	-0.04266912490129471	-0.9735736846923828	0.8496052026748657	-0.7502644658088684	1.1547014713287354	-0.6699227690696716	0.5793622732162476	-0.086582712829113	1.375836730003357	1.7111778259277344	-0.713738739490509	-0.48120108246803284	1.6981964111328125	-0.7688080072402954	1.179128646850586	0.9373283982276917	1.0766502618789673	-0.1684376448392868	1.316886305809021	-1.0961374044418335	0.11801981180906296
1.242889404296875	0.2582647502422333	0.020366458222270012	0.056499190628528595	-1.7274044752120972	0.9586306810379028	-1.5002317428588867	-0.1560380905866623	-1.1301357746124268	2.547975540161133	-0.8435000777244568	0.6004023551940918	1.4378411769866943	-0.39730018377304077	-0.24917230010032654	-1.7977887392044067	0.5677124261856079	0.030268054455518723	-1.0147374868392944	0.39899954199790955	1.4152185916900635	-0.3322608768939972	1.8607851266860962	-0.8083908557891846	-0.7791832089424133	0.5587846636772156	-1.3129664659500122	-1.1591264009475708	0.5123911499977112	-0.05075505003333092	-0.24335956573486328	0.7383455634117126	-0.12281135469675064	-1.6451961994171143	-0.4413161277770996	1.548422932624817	-0.1235986053943634	-0.6033927202224731	-0.38686972856521606	0.4583001434803009	1.4993845224380493	-0.9272604584693909	-0.42403656244277954	0.7879623770713806	0.5899996757507324	-0.7449276447296143	0.8013772368431091	2.5859742164611816	-1.454527735710144	1.3273218870162964
-0.6593501567840576	0.3962574899196625	-0.5987703800201416	-1.6349354982376099	-1.3351868391036987	0.09707225114107132	-0.5992897152900696	0.029757395386695862	-0.11799003183841705	0.055526286363601685	0.8542031049728394	-0.3018486499786377	1.599877953529358	0.6509244441986084	0.7517765760421753	0.8495121002197266	1.457203984260559	0.30469611287117004	0.21937505900859833	1.6304879188537598	1.7022502422332764	-1.7927643060684204	-1.2456926107406616	-1.2607239484786987	-1.03126060962677	-1.2092275619506836	-0.7054580450057983	-0.4398888945579529	-1.4097093343734741	0.09646241366863251	1.0578161478042603	-0.8295272588729858	0.7325588464736938	0.5154799818992615	-0.6023082137107849	-0.933508574962616	-1.2416189908981323	1.2067986726760864	-0.7030225992202759	-0.5348011255264282	-1.1561022996902466	-0.6511222720146179	0.10744241625070572	0.027929404750466347	1.0459086894989014	1.2470574378967285	0.5620361566543579	-0.653576135635376	-0.9083147048950195	-1.9325484037399292
-0.8538070917129517	1.695188283920288	0.08312154561281204	-0.36061471700668335	0.5238587856292725	0.1247638389468193	1.6137994527816772	0.6679447889328003	0.08325394243001938	0.8908392786979675	0.12054400146007538	-0.4329896867275238	-0.6603692770004272	-0.49256646633148193	-0.03293664753437042	-0.6982503533363342	-0.3903210759162903	0.3532220423221588	0.17847007513046265	-1.0786817073822021	-0.0017566679744049907	0.7294036149978638	1.1990808248519897	-0.40361514687538147	1.5742106437683105	-1.1989649534225464	0.6724969744682312	0.03829006850719452	0.2296377718448639	-0.4216887354850769	1.2051901817321777	-1.3971636295318604	-1.095240592956543	-0.7107206583023071	0.05920465663075447	-0.9446901082992554	0.39816612005233765	0.1428060531616211	0.7180392146110535	0.5586804747581482	1.4724875688552856	1.9708751440048218	0.28035175800323486	0.9758577346801758	1.5780056715011597	0.6039827466011047	-0.8950845003128052	0.6183417439460754	1.0517711639404297	-0.2016373723745346
-0.6487818360328674	-0.5252155065536499	0.328338086605072	-0.12046893686056137	1.4441629648208618	1.2378978729248047	-0.5609784722328186	-0.6513088941574097	2.4317398071289062	0.2270200103521347	-0.4023345410823822	0.4827486574649811	0.2051798403263092	-0.6616994738578796	0.31388983130455017	0.2070435881614685	-0.2957358658313751	1.5987420082092285	-1.9853641986846924	-0.07486549019813538	-0.5894070863723755	1.6061245203018188	0.3277216851711273	1.1675106287002563	-0.5581178665161133	1.2944872379302979	1.015815258026123	-1.1407103538513184	-0.13674144446849823	0.972549557685852	0.027493948116898537	0.814405083656311	-0.733248770236969	-1.3454716205596924	0.4651308059692383	0.21983134746551514	-0.35347244143486023	0.0014139412669464946	1.115513563156128	-0.05983671173453331	-0.3159636855125427	0.6729639172554016	0.2384435534477234	-0.1295769065618515	-1.1861121654510498	1.7767597436904907	-0.3466547131538391	-2.7572145462036133	0.9578602313995361	1.1221901178359985
0.5409923195838928	-0.704198956489563	-0.08852821588516235	-2.0282111167907715	0.0441347174346447	-0.9912716746330261	-0.4434450566768646	-1.2602092027664185	-0.17573317885398865	-1.1581240892410278	0.11876960843801498	-0.2549717426300049	-0.2269929051399231	-0.42465031147003174	0.2146325707435608	-2.126709461212158	1.1654877662658691	-0.3744226098060608	-1.0537281036376953	0.3278772234916687	0.40834248065948486	-1.517211675643921	0.24237556755542755	-0.35498687624931335	-0.13881270587444305	-0.37911006808280945	-1.077039122581482	1.320559024810791	-0.40529507398605347	-2.137319326400757	-0.24522525072097778	-1.242410659790039	0.06811848282814026	0.6662077903747559	1.077836513519287	-1.0479649305343628	0.39794689416885376	-0.42103639245033264	2.3181312084198	-0.17632685601711273	0.17154133319854736	0.022194325923919678	0.30297139286994934	1.612428903579712	-2.0506746768951416	0.8017785549163818	0.07954651862382889	-0.19944512844085693	-0.4972214996814728	-0.25915247201919556
0.16048073768615723	1.7720494270324707	1.1703369617462158	0.6737529635429382	-0.20410819351673126	0.00010303900489816442	-0.763756513595581	-0.9473403692245483	-1.5084320306777954	-0.6369959115982056	1.1331958770751953	-1.07949960231781	0.06365309655666351	-0.9233562350273132	-0.3517957031726837	-1.4907130002975464	-0.11045726388692856	1.3086258172988892	-0.6387748122215271	-0.21827109158039093	0.5626116394996643	-0.8938389420509338	-0.2530718743801117	-0.30828747153282166	0.43278661370277405	1.087194800376892	-0.2607305943965912	0.7026951909065247	-0.6887233257293701	-0.6770020723342896	-0.35458454489707947	-0.054242562502622604	-0.16576407849788666	0.7823147177696228	-0.30209746956825256	-0.20552073419094086	0.15128858387470245	-0.6991804838180542	1.49107027053833	-1.0766081809997559	0.10625343769788742	-0.342057466506958	-0.06018173322081566	-0.42064228653907776	-0.14290639758110046	-0.7878261208534241	-1.304429054260254	-1.1715952157974243	-0.3268018364906311	-1.6647056341171265
1.4905292987823486	-0.4240897297859192	-0.39449915289878845	1.6402493715286255	0.6877683997154236	-0.4620791971683502	-0.6884753108024597	0.24125096201896667	-1.178813099861145	0.0807361900806427	-2.087754964828491	-0.47529497742652893	1.0226655006408691	0.04659561440348625	1.4570657014846802	0.1660175919532776	-1.2969412803649902	-0.9989560842514038	-2.2565040588378906	2.5211362838745117	0.6339752674102783	1.6506013870239258	1.2201313972473145	0.9929940700531006	-0.06508255004882812	0.6019747853279114	0.1928577721118927	-0.813816487789154	1.9453377723693848	1.5681359767913818	-1.3102498054504395	-0.7869083881378174	1.0442008972167969	-0.33695125579833984	0.5946516394615173	1.047731637954712	-0.28098419308662415	-1.824241042137146	0.6007201075553894	0.5629992485046387	1.1194700002670288	0.3405158817768097	-0.3907313048839569	-0.2150486409664154	0.939728319644928	0.9722642302513123	0.379536509513855	-0.8582620620727539	-0.19009625911712646	-1.0338258743286133
0.376647412776947	1.062652587890625	-0.4110821783542633	-1.4597915410995483	0.941750168800354	-0.4176024794578552	0.5261866450309753	0.3031710684299469	0.7083674073219299	-0.18526141345500946	1.5198845863342285	2.331589698791504	-1.8958765268325806	0.7495957612991333	1.0999293327331543	1.7391431331634521	-0.20024007558822632	1.83071768283844	-2.734463691711426	-2.1427319049835205	-0.17720872163772583	0.18237096071243286	1.4983831644058228	-2.4846925735473633	0.4365938901901245	0.880020797252655	-0.9254063963890076	-0.5642125010490417	-0.9078893661499023	-0.26007288694381714	-0.8555629253387451	1.8893861770629883	-0.7071681022644043	-1.4742894172668457	0.5493389964103699	0.43409162759780884	-0.11221674829721451	0.33350980281829834	-0.8973191976547241	-1.028464913368225	-0.08901436626911163	-1.148186206817627	-0.6306525468826294	-0.596991777420044	2.260996103286743	-1.1954727172851562	-0.42087796330451965	-0.7849988341331482	0.3188737630844116	0.35573166608810425
-0.5722202062606812	1.129373550415039	0.45549720525741577	0.46227899193763733	-0.1647033542394638	-0.01191866397857666	0.20445919036865234	-3.314177989959717	1.4563217163085938	-0.2240069955587387	-0.861502468585968	-1.7639907598495483	-1.1388171911239624	-1.3990774154663086	0.7571801543235779	1.4061945676803589	-1.0457797050476074	-0.3891477584838867	0.16441339254379272	-1.218341588973999	0.2675724923610687	-0.4856394827365875	-2.1119942665100098	0.24777966737747192	0.9839830994606018	1.1057593822479248	-1.144385814666748	1.4509990215301514	0.47211214900016785	-1.7709922790527344	-0.18810097873210907	-0.05163715407252312	0.7294240593910217	-1.9018867015838623	-0.12027286738157272	-0.21598532795906067	0.3447876572608948	-0.5967715978622437	0.10917694866657257	0.5864506959915161	0.4328595995903015	0.92354816198349	1.166103482246399	1.6934033632278442	-0.3346759080886841	0.7747837901115417	-0.8143230676651001	1.9072184562683105	0.42026349902153015	-0.6357768774032593
0.27667126059532166	0.33231320977211	0.5324931144714355	0.561863124370575	-0.18654030561447144	0.2933599352836609	-0.2792774438858032	-0.8212202191352844	-0.09383805096149445	1.3096674680709839	-0.8612256050109863	-0.28491050004959106	0.4648473262786865	0.4076175391674042	-1.3819549083709717	0.799252986907959	-0.277456134557724	-1.107250452041626	0.2545221745967865	-0.4848509430885315	0.7977748513221741	-0.3483380675315857	-0.7688987851142883	0.6276816129684448	0.3273123800754547	-1.337630033493042	-1.046190619468689	-0.8563448190689087	0.23244768381118774	0.3484548032283783	-1.7273836135864258	-0.4530046284198761	0.8002582788467407	-0.5471466183662415	-0.8834533095359802	1.318847417831421	-1.4134019613265991	-0.6056807041168213	2.38114333152771	0.4745804965496063	1.1402969360351562	-0.6047401428222656	-0.5201055407524109	0.11722373962402344	1.2519394159317017	-2.2512354850769043	1.0161396265029907	-0.7462519407272339	0.43008461594581604	-0.09498712420463562
0.6769981980323792	1.06281578540802	-0.7430468201637268	0.7646685242652893	0.4867442548274994	-1.9149222373962402	-0.14373792707920074	0.6170105338096619	1.1452072858810425	-1.886813759803772	-1.6638500690460205	0.03564812242984772	0.9184905290603638	-0.5307827591896057	-0.7312051653862	0.4342067837715149	1.1699213981628418	0.4798484742641449	1.1604593992233276	-0.6914966106414795	1.6587423086166382	-1.662062406539917	-0.3941340148448944	0.6864752173423767	1.1874258518218994	0.402039110660553	-0.70806485414505	-0.12365319579839706	1.0906643867492676	0.3035546839237213	0.057312630116939545	0.3167061507701874	-0.6153839230537415	-0.5395320057868958	1.2975339889526367	0.8966120481491089	0.8996456265449524	0.014559663832187653	0.22525660693645477	1.4641867876052856	-0.9394705891609192	0.6176571249961853	0.605021059513092	0.8651376962661743	-1.3895317316055298	0.6537764668464661	0.154010608792305	-1.2827210426330566	-0.16538064181804657	-0.28225281834602356
1.0081963539123535	0.6556215882301331	-0.40795794129371643	-0.5114736557006836	0.621848464012146	-0.30490028858184814	0.6534828543663025	2.0912554264068604	-1.7047972679138184	1.3857810497283936	-0.22714342176914215	1.0850896835327148	-0.8286418914794922	0.7178055644035339	-0.44294774532318115	-1.2238855361938477	-0.5635375380516052	0.7964658737182617	0.9556309580802917	-0.9404544830322266	-0.6315919756889343	0.21314258873462677	0.5825475454330444	1.075174331665039	-0.20317932963371277	0.5785686373710632	1.211683750152588	0.35902708768844604	0.18525640666484833	-0.5637481808662415	1.969520926475525	0.7286760807037354	-0.31657305359840393	0.6037461161613464	-0.7113462090492249	-0.06416874378919601	1.0662745237350464	0.3006620407104492	-0.15197065472602844	0.15621741116046906	-0.366083025932312	-0.2652343213558197	0.6897963881492615	0.9167990684509277	1.5105915069580078	-1.0058166980743408	1.04965078830719	0.012179781682789326	0.13351315259933472	-0.5370489954948425
-0.29177728295326233	0.4767681360244751	1.9731240272521973	2.1178882122039795	0.7755429744720459	-0.8603296875953674	-0.19878652691841125	-0.6249821186065674	-0.1650257110595703	-0.3061426281929016	-0.9421648979187012	-0.20237161219120026	-0.19590389728546143	-1.5656546354293823	-0.4742176830768585	-0.5123019814491272	-1.035652756690979	-0.9479092359542847	-0.6965250372886658	-0.028498800471425056	1.8097717761993408	-0.48417162895202637	0.5664541125297546	0.3949618339538574	-0.182601198554039	-1.65923011302948	-0.622045636177063	0.4228872060775757	0.37018898129463196	-0.42721500992774963	-0.628088653087616	-0.16076095402240753	-0.09387698024511337	0.09990506619215012	0.8777500987052917	0.20964954793453217	-1.7743982076644897	-0.6714518666267395	0.6666165590286255	1.1109232902526855	0.951261043548584	-1.0551013946533203	2.0046722888946533	-0.007543555460870266	0.9373962879180908	0.22572395205497742	-0.46258535981178284	-0.37334781885147095	-1.1872812509536743	0.6032311320304871
-0.21654465794563293	-1.379902720451355	-0.7329602837562561	-1.5661919116973877	-0.6916601657867432	0.8225833773612976	0.6123652458190918	0.5831851363182068	-0.5452830195426941	1.827296257019043	-0.8183668255805969	0.9065042734146118	-0.610971212387085	0.8468313217163086	1.123989224433899	1.1084120273590088	-2.9296469688415527	1.1894781589508057	0.061200402677059174	-1.1067217588424683	0.7763476967811584	0.3136732876300812	-1.2951830625534058	-0.6320176124572754	0.12970523536205292	1.36937415599823	1.3467785120010376	1.215032935142517	-1.702461838722229	-0.7791017889976501	-1.1323928833007812	-0.6208228468894958	-1.0496571063995361	-1.1861156225204468	-1.7351155281066895	-0.7330873012542725	-0.9869337677955627	0.2649097144603729	-0.6797184944152832	0.3792257606983185	-1.7023544311523438	0.15941740572452545	-0.7333575487136841	1.2556802034378052	-0.8245852589607239	-1.4971007108688354	0.8551998734474182	-1.431308627128601	-2.473022699356079	-0.09379284828901291
-0.07544390857219696	0.7100766897201538	0.30140480399131775	-0.0558418370783329	-0.19158005714416504	-0.575153112411499	1.3610498905181885	1.072282075881958	0.10405407100915909	0.08901946991682053	1.1427606344223022	-1.4870402812957764	0.6912731528282166	0.5730203986167908	-0.7726179361343384	2.4194791316986084	-0.690766453742981	-0.4947723150253296	-0.7531431913375854	-0.3729439973831177	-1.6690928936004639	2.0382754802703857	-0.8269929885864258	-1.0250707864761353	0.09736713767051697	0.7998859882354736	1.961210012435913	0.8440455198287964	-0.9283713698387146	-0.4275969862937927	1.3308907747268677	-1.821278691291809	0.503932774066925	0.7824425101280212	-1.8539807796478271	1.193426489830017	0.25837910175323486	-1.5533370971679688	-1.0984885692596436	0.017108876258134842	0.734143853187561	-1.4890809059143066	2.0328617095947266	0.8354228734970093	-1.876928448677063	0.1934528946876526	-0.9201974868774414	-0.2896299958229065	-0.2629968523979187	0.8812389969825745
0.05101291835308075	-0.22824759781360626	-1.582739233970642	0.29615649580955505	0.6269450187683105	-0.8453043103218079	1.1036744117736816	0.43836066126823425	-0.7140110731124878	-1.8793905973434448	-2.892099142074585	1.2481064796447754	1.3521232604980469	0.9256098866462708	0.35709306597709656	0.8682944774627686	-0.530491054058075	0.11214961856603622	-0.06651337444782257	-1.6337109804153442	1.5192065238952637	-0.5560221076011658	-1.3341400623321533	1.0575507879257202	-1.1594557762145996	-1.2362251281738281	0.5470534563064575	-1.4895540475845337	1.2377678155899048	0.5988816618919373	0.032232847064733505	-0.7317798733711243	-1.6723015308380127	-1.1564068794250488	-0.36991557478904724	-1.219815731048584	-1.3723174333572388	1.108704686164856	0.1895240694284439	1.0906758308410645	0.6816968321800232	0.9452353119850159	0.6224812865257263	1.6227887868881226	-0.7355243563652039	-1.7553688287734985	2.0070924758911133	0.8433724045753479	-0.7234064340591431	0.6166343092918396
1.7784817218780518	-0.3679046332836151	-0.2932729721069336	-1.2438185214996338	0.06853760778903961	0.6771329641342163	-0.91217440366745	0.6890840530395508	0.7926117181777954	0.6540736556053162	-0.36590376496315	0.46647584438323975	1.4041739702224731	-0.7092093229293823	-0.6083356738090515	1.6370781660079956	0.854412853717804	0.02810598351061344	-1.0899218320846558	0.8518643975257874	-0.059232860803604126	0.16793297231197357	-0.03156187757849693	-0.29675912857055664	-0.29996100068092346	-0.46954694390296936	0.40730249881744385	-0.29002413153648376	-0.025669462978839874	0.4388291835784912	-0.8276041150093079	-0.41249024868011475	1.2305796146392822	0.8675126433372498	-0.23854921758174896	0.6154022812843323	0.34652552008628845	-0.6422961950302124	-0.2246260941028595	0.7488341331481934	0.8681861758232117	1.6854344606399536	-0.9415041208267212	0.8375476002693176	-1.0704522132873535	-0.7444078922271729	-0.33116936683654785	0.7458342909812927	0.1677233874797821	-0.13678385317325592
0.1375986486673355	-1.9427781105041504	1.800877332687378	0.01821574941277504	0.4494408965110779	0.11869972199201584	1.9739502668380737	1.8570518493652344	-0.8576778173446655	0.10432621091604233	-0.4825717508792877	-0.7532605528831482	0.6336891055107117	-1.0844075679779053	-2.5048346519470215	0.049727752804756165	-0.7830103635787964	-0.16263270378112793	-0.25846362113952637	0.8087026476860046	1.0022234916687012	0.5013704299926758	1.1260939836502075	0.6074545383453369	-0.8720483183860779	0.3204673230648041	0.35500165820121765	-0.4211075007915497	0.171146959066391	0.8575754761695862	-1.7396392822265625	0.1410292088985443	-0.8844451904296875	0.9730774164199829	-0.618336021900177	0.7861878275871277	1.6514979600906372	0.3263383209705353	1.0995680093765259	1.1845625638961792	-0.8777384757995605	-0.19403484463691711	0.10004115849733353	1.046272873878479	-0.40962928533554077	-1.8007005453109741	1.2530524730682373	1.6535792350769043	0.7967413067817688	-0.36231693625450134
1.078757882118225	-0.06762859970331192	0.376999169588089	1.4576905965805054	0.803198516368866	0.8304303288459778	-0.8809418082237244	-1.0058302879333496	-0.48365703225135803	2.404587984085083	-0.5138058066368103	-0.42017367482185364	-0.4620991349220276	0.3458159863948822	0.23368990421295166	0.2515909969806671	-0.8109667301177979	1.2679071426391602	0.06343260407447815	0.35832029581069946	-0.5667685866355896	-0.5624234080314636	0.2749902904033661	-2.0075526237487793	1.1420236825942993	-1.2271910905838013	-0.1021280437707901	-0.07468265295028687	0.010240510106086731	-1.6234623193740845	0.372965544462204	-0.44166991114616394	-1.5915634632110596	-0.9314187169075012	-0.5998249650001526	0.7695862054824829	-1.0883461236953735	0.6617447137832642	-1.1491663455963135	-0.42449134588241577	0.31095772981643677	0.6961233615875244	0.2513197064399719	-0.3946678638458252	0.19228219985961914	-0.3896091878414154	0.3055720627307892	-1.3842090368270874	-0.19669665396213531	-0.797733724117279
-0.09973663836717606	1.4859675168991089	0.9306920766830444	0.5646450519561768	0.6163143515586853	1.3346776962280273	1.0155754089355469	-0.765679657459259	1.8980484008789062	-0.6693466305732727	0.7712863683700562	-0.44849249720573425	-0.49398109316825867	-0.02592775598168373	0.027692198753356934	1.1208562850952148	0.23712262511253357	0.36581364274024963	1.5446217060089111	0.36810532212257385	2.7630791664123535	-1.4406604766845703	0.6282171607017517	0.9352251291275024	0.6042176485061646	-1.2811931371688843	-0.658116340637207	0.6841481924057007	1.1380521059036255	0.5780006051063538	0.35548415780067444	0.5167443156242371	0.5866475701332092	-1.7469112873077393	-0.08476600795984268	-0.9094377756118774	-1.1405150890350342	-0.338276743888855	-0.7262476086616516	-1.096094012260437	-0.7592281103134155	-0.15865007042884827	0.3242928683757782	0.5791760087013245	1.5759053230285645	-0.6146373748779297	0.00734403682872653	-0.6386397480964661	-0.8031342029571533	0.614372968673706
-0.5261713862419128	-0.4955517649650574	0.33889034390449524	-2.215559720993042	1.1799591779708862	0.7015979886054993	-0.5399380922317505	-1.6637743711471558	-1.6564550399780273	-0.13610470294952393	-1.771004557609558	-0.05625457316637039	1.0327223539352417	0.8362852931022644	-1.6329574584960938	0.7069284915924072	-0.7420669794082642	-1.5896040201187134	-1.6547706127166748	1.5195188522338867	0.9903252720832825	-0.3837305009365082	-1.0311330556869507	-1.2068676948547363	-0.45383188128471375	0.6169437170028687	-0.16301515698432922	-0.5582327246665955	1.016191840171814	0.2667350769042969	1.0808987617492676	-1.4459991455078125	0.8587404489517212	-1.4493526220321655	0.8738405108451843	-0.17900216579437256	-0.37853485345840454	0.29674839973449707	0.46742257475852966	1.2915523052215576	0.1344417929649353	1.3372238874435425	-0.6379215717315674	0.22043192386627197	0.6661106944084167	1.1195564270019531	0.8501942753791809	-0.25431814789772034	1.0426157712936401	-1.992540717124939
-0.3636298179626465	-0.7388086915016174	-0.6199734210968018	0.8590300679206848	-2.3585641384124756	-0.6569341421127319	-0.26186802983283997	-0.2945227324962616	0.32968074083328247	0.23537515103816986	0.22853897511959076	-0.7850725650787354	0.09672334790229797	0.0773179680109024	-0.2916196584701538	0.5866208672523499	1.0647653341293335	0.5799514651298523	0.4360518455505371	0.15583354234695435	1.3806898593902588	-0.18775847554206848	1.1100791692733765	-2.2559964656829834	1.0342601537704468	0.8468360304832458	-1.0637073516845703	0.7714176774024963	-2.6387691497802734	-0.5162566900253296	0.02369702234864235	1.4717538356781006	-0.15871506929397583	-1.0055994987487793	1.7741725444793701	-1.3349428176879883	-0.4812083840370178	0.9575634598731995	0.02598729357123375	1.317190170288086	-0.7375760674476624	-0.7305039763450623	-2.05014967918396	-0.29113098978996277	0.35832518339157104	0.7167750597000122	-0.3599158525466919	0.9729855060577393	0.5124465823173523	-1.2849589586257935
0.9545133113861084	0.13030511140823364	0.25477489829063416	1.6479276418685913	1.307352066040039	0.7861242294311523	0.4949931204319	0.08511482179164886	-0.4657045900821686	-1.04440438747406	-2.638751983642578	-0.16899250447750092	-0.1892015039920807	-1.041895866394043	-0.5896514058113098	-2.9463441371917725	0.2760325074195862	0.9026647210121155	-1.6607552766799927	-0.11313866078853607	0.12958107888698578	1.299805760383606	-1.6565940380096436	0.12160681188106537	1.9645441770553589	0.8905527591705322	0.7492484450340271	0.5174233317375183	0.33714789152145386	0.7515116930007935	0.5191088318824768	0.7847833633422852	0.6322612166404724	-2.1359212398529053	-1.3346205949783325	0.14659306406974792	-0.5046256184577942	2.071453332901001	-0.5292729735374451	-1.0916295051574707	-0.3838770389556885	0.439710408449173	1.7345473766326904	0.987526535987854	1.8576756715774536	-0.4443155825138092	-0.15802524983882904	-2.191634178161621	-0.5158467888832092	-0.03945004194974899
-1.609004020690918	0.7442269921302795	0.2815864682197571	-0.33776506781578064	0.825954020023346	-0.6245854496955872	-0.7884969711303711	0.2950873076915741	-1.2832179069519043	-1.597033977508545	-0.6033451557159424	-0.82438725233078	1.1317353248596191	-0.04010951519012451	-0.4607621729373932	0.4224776029586792	0.09646987915039062	-0.6282960772514343	-1.5486531257629395	-1.2154126167297363	-0.14247511327266693	-1.1601396799087524	-1.1456220149993896	-1.5444563627243042	-1.3180255889892578	0.7136815786361694	-0.12576158344745636	2.4194066524505615	-1.4973042011260986	1.394682765007019	-0.42872363328933716	-0.8656103014945984	-1.6457574367523193	-0.4409240782260895	-0.12360402941703796	0.5634334087371826	-0.22514815628528595	0.11191778630018234	-1.1499474048614502	0.1375769078731537	-0.09701266139745712	-0.420375257730484	1.4284298419952393	0.1807704120874405	1.1932077407836914	0.13944277167320251	1.1029731035232544	-1.1768310070037842	0.5743461847305298	-0.7540330290794373
1.33478844165802	0.37231916189193726	1.8956570625305176	0.38297733664512634	-1.0207148790359497	-0.891113817691803	-1.4783369302749634	0.6470708847045898	-0.25855135917663574	-1.881934642791748	0.6473488211631775	-0.016805272549390793	0.8069279193878174	1.2024656534194946	-0.5859171748161316	0.3075539171695709	-0.3929958939552307	0.4361210763454437	-0.6836836934089661	0.7285657525062561	-0.42268773913383484	1.7675650119781494	-2.0913312435150146	0.6451460123062134	-2.1274425983428955	-1.1498637199401855	-0.4417301118373871	0.38015806674957275	-0.96694016456604	0.6601269245147705	0.05155215039849281	0.501399040222168	0.07353796809911728	-1.6063241958618164	-0.61811763048172	0.12111376971006393	-0.2796010673046112	0.9736772179603577	0.34559768438339233	1.2112760543823242	-0.5149581432342529	-0.4187244772911072	0.22908629477024078	0.2418336123228073	-0.007699714507907629	-0.48340749740600586	0.9606778025627136	-0.9172144532203674	1.0043247938156128	-0.94408118724823
1.1871614456176758	0.9786565899848938	-1.6832482814788818	-1.074934482574463	-1.7711845636367798	-0.3618154227733612	-1.29813551902771	-0.2575959861278534	-1.0162367820739746	-0.34164485335350037	-2.1404523849487305	0.6094993352890015	-0.017073528841137886	-0.09339949488639832	-1.4091174602508545	0.7134929895401001	-1.0923320055007935	0.5311571955680847	-0.5454946160316467	-1.998778223991394	0.1566316932439804	0.4372391700744629	0.7358001470565796	-0.8374118208885193	1.3173868656158447	-0.12294334918260574	-0.008053163066506386	-0.6191573739051819	0.9286227226257324	0.3712165951728821	-1.1731665134429932	0.5419672131538391	1.615139365196228	-0.041142456233501434	-0.1612982302904129	0.38651907444000244	-1.711884617805481	-1.1063014268875122	-0.07483537495136261	0.3589721620082855	2.337541341781616	-0.6211390495300293	-0.028176553547382355	-1.8212701082229614	-0.18512840569019318	-0.32164978981018066	-1.9697178602218628	-0.7837842702865601	-0.5986222624778748	-1.4983751773834229
-2.8349392414093018	0.8862327933311462	0.7502554655075073	0.38345998525619507	-1.3386883735656738	0.10020440071821213	0.8830943703651428	0.35764259099960327	0.1741619110107422	-0.06497742235660553	-0.5014696717262268	1.108107089996338	1.0442966222763062	0.6841807961463928	2.783705949783325	-2.8836305141448975	-0.1400490403175354	-1.5754204988479614	-2.536693572998047	0.34181392192840576	-1.3327711820602417	-0.24251559376716614	0.20691068470478058	-0.18499064445495605	-0.6564363837242126	0.30931296944618225	1.7533332109451294	0.13273084163665771	-1.1906991004943848	0.9905714392662048	1.1835885047912598	-1.7370563745498657	-1.016940951347351	-0.12114771455526352	2.107616901397705	1.3125818967819214	0.3855065107345581	-0.7813678979873657	-0.3824526369571686	2.2424123287200928	0.8159129023551941	-0.08178456127643585	1.6991205215454102	-0.9666979312896729	0.5111898183822632	-2.0081231594085693	1.1779365539550781	-1.52834153175354	0.6447382569313049	0.035556577146053314
-1.136132001876831	1.2529176473617554	0.5049823522567749	-0.02182881534099579	0.3276224136352539	-1.333067536354065	1.1958097219467163	0.3275550603866577	-0.024240175262093544	-0.9379218816757202	1.3737514019012451	0.7917311191558838	0.06344104558229446	0.5784441828727722	1.2334808111190796	-0.011195342987775803	0.7805147767066956	1.359937071800232	-0.968256950378418	0.22924646735191345	1.1154286861419678	0.9474233984947205	-0.446108877658844	1.7751816511154175	-0.9746331572532654	-0.8322119116783142	0.11615879833698273	-0.8421346545219421	1.7712500095367432	-1.1441307067871094	0.8002107739448547	0.054645344614982605	-0.11624986678361893	-1.5688892602920532	-0.037208277732133865	0.5176304578781128	0.9894855618476868	-0.5550251007080078	-1.4284058809280396	-0.3511708676815033	-0.943116307258606	-0.571751594543457	-0.48763561248779297	2.4742038249969482	-0.18798871338367462	-0.2783401608467102	-0.7199315428733826	-0.21701297163963318	-0.39377087354660034	0.14508303999900818
-2.12113094329834	-0.040150247514247894	-0.9619563817977905	-0.681941032409668	-0.4918188154697418	-0.8606721758842468	0.12695996463298798	1.4029163122177124	0.18160247802734375	-1.0825506448745728	1.726986050605774	0.3354113698005676	-0.45965537428855896	-1.0213172435760498	0.7297578454017639	1.3925371170043945	1.1881957054138184	1.473509669303894	1.0204261541366577	-1.1344845294952393	-0.33039623498916626	0.5590528845787048	0.4090879261493683	-1.302072525024414	-0.1572972983121872	0.4586276710033417	0.5300331711769104	-0.798393189907074	-0.9726201295852661	-0.15852652490139008	-1.3460707664489746	-0.2595682144165039	0.648537278175354	0.653346598148346	-0.24646282196044922	-0.2926963269710541	1.1542972326278687	0.31187576055526733	-0.25272953510284424	8.967114263214171e-05	1.8034833669662476	0.26897192001342773	0.5174134969711304	0.7939918637275696	-0.2684374153614044	-2.1264243125915527	-0.2593229413032532	-0.8745681047439575	-0.8005212545394897	-1.2478982210159302
-0.671567440032959	-0.7690069079399109	-0.5247238874435425	0.07953590154647827	0.6255801916122437	-0.0025473234709352255	-1.6022411584854126	1.3946415185928345	-0.1352807879447937	-0.32970747351646423	-0.44847217202186584	-1.6374660730361938	1.5449767112731934	-0.1512436419725418	-0.777334451675415	-0.8522007465362549	-0.9236767292022705	0.6412396430969238	-0.9274206757545471	-0.8510643839836121	-1.131026029586792	0.10509724915027618	0.9421075582504272	-0.5588057041168213	0.44066745042800903	1.0458351373672485	-0.19045281410217285	-1.281766414642334	-1.8039441108703613	0.18016953766345978	1.7510731220245361	-0.94114089012146	-0.30949831008911133	0.5226618647575378	0.8764346837997437	-0.6121055483818054	0.3181648254394531	0.7641394138336182	0.6096360683441162	0.43123874068260193	-1.9826656579971313	-0.2231329083442688	0.43031978607177734	-0.23543187975883484	0.8125948309898376	-0.337871253490448	-1.0809845924377441	0.5705227851867676	0.8847083449363708	1.1866918802261353
-1.9067497253417969	-0.7708508372306824	-0.3858523368835449	-0.47071656584739685	0.4670396149158478	-1.56587553024292	-2.909280776977539	1.433942198753357	0.041193410754203796	-0.4215885102748871	0.4568759500980377	-1.0657836198806763	0.39748474955558777	-0.011372458189725876	0.9462810158729553	1.8246111869812012	-2.037583351135254	0.04654054716229439	-1.3583767414093018	-0.6448194980621338	1.4137617349624634	0.7472804188728333	-0.684185802936554	1.3529009819030762	0.12320854514837265	1.2967653274536133	-0.5540449619293213	-1.4909884929656982	-0.9625537395477295	-0.4050048887729645	-0.7371289134025574	1.0157554149627686	1.6617721319198608	0.7215203642845154	0.6660675406455994	1.966536283493042	-1.6958789825439453	1.5769786834716797	-0.4746961295604706	-0.7695832252502441	-0.7572534084320068	-2.238600969314575	-0.0067006382159888744	0.01655060611665249	-1.0516715049743652	-0.7335457801818848	0.4804360270500183	1.1355692148208618	0.14897826313972473	0.5331098437309265
0.6450384855270386	-0.18949086964130402	-0.9525535702705383	0.45406532287597656	-0.7235081195831299	-0.6149225831031799	0.882535994052887	1.2838494777679443	0.7984625101089478	-0.8371531963348389	-0.48017531633377075	0.8666979074478149	-0.483991414308548	0.16750097274780273	-0.06193465366959572	-2.078834056854248	-0.0251158457249403	-0.13603846728801727	0.3287312090396881	0.16480940580368042	1.1778948307037354	-1.0945510864257812	0.391872376203537	0.9690572619438171	0.33034220337867737	-0.09267785400152206	-0.435123085975647	-1.2146639823913574	-1.054474115371704	0.4130290150642395	1.0436819791793823	-2.009056329727173	0.1527412384748459	-1.0621118545532227	0.48485127091407776	0.5999922156333923	0.726341187953949	0.2539415657520294	0.5949492454528809	-0.06553909927606583	0.21436432003974915	0.19756393134593964	-1.3195685148239136	-0.3709504306316376	-2.1616897583007812	-0.5360241532325745	0.4668867290019989	0.6966255903244019	0.9533238410949707	0.47841528058052063
2.2846193313598633	-0.23385952413082123	-0.06871254742145538	-0.883029043674469	0.8365092873573303	1.0120656490325928	0.3357245624065399	-2.027484655380249	-0.2750992178916931	0.0927589014172554	0.9395087361335754	-0.1381722241640091	-0.14730697870254517	0.6886388659477234	0.3990696370601654	0.11760922521352768	-1.0244308710098267	2.429701566696167	0.9393603205680847	1.461014747619629	0.3165454566478729	-0.6705076098442078	-1.2487112283706665	0.8035126328468323	0.15628309547901154	-1.098787784576416	-1.0175918340682983	0.36351948976516724	1.335842490196228	-0.8691847920417786	0.05771278589963913	1.1186649799346924	2.5099735260009766	-0.9921054840087891	1.7143532037734985	0.7052106261253357	0.14205779135227203	0.678207278251648	0.22201856970787048	-1.5902005434036255	-0.5185447335243225	0.5748907327651978	0.09711247682571411	-1.324310064315796	-0.05671566724777222	1.7386075258255005	0.5496320724487305	1.0339897871017456	0.2651596665382385	0.6345635056495667
0.19946789741516113	-0.6969874501228333	0.4434657394886017	0.719607949256897	0.4652968943119049	-1.3096157312393188	0.23694287240505219	0.18461604416370392	0.933792233467102	-0.9145976901054382	-0.35832083225250244	2.997420072555542	-0.31150051951408386	0.5269497632980347	0.387641578912735	-0.6143606305122375	0.09709402173757553	-1.431243896484375	0.6369221806526184	1.6803945302963257	-1.3296352624893188	-0.2335645705461502	-0.9619635343551636	-0.322224885225296	1.3531585931777954	-1.4825466871261597	-0.6251733899116516	1.4458742141723633	1.1704518795013428	0.26883575320243835	-0.12477833777666092	-1.1625394821166992	0.1740572303533554	0.8988587260246277	0.4105825126171112	0.38548558950424194	-0.27628374099731445	-0.7529116272926331	0.05954762548208237	-0.09435342252254486	-2.416074514389038	0.015262093394994736	-0.4785425364971161	1.2253937721252441	0.023319153115153313	-2.1771926879882812	-0.8174574971199036	-0.026932893320918083	0.6878087520599365	0.003623755183070898
-1.8699206113815308	-0.8474634289741516	-0.6804184317588806	-0.5662636756896973	0.876808226108551	-1.181262493133545	-1.3359178304672241	0.7656998038291931	0.3460559844970703	-0.00947166420519352	-0.5823917388916016	1.1474027633666992	0.1686210334300995	0.35491886734962463	0.438963919878006	-0.6034521460533142	0.7785104513168335	-0.32201144099235535	0.18754766881465912	1.4538425207138062	-0.744371771812439	-0.18029503524303436	-0.6577391624450684	-0.4224303960800171	1.7757906913757324	0.563103199005127	-0.42266952991485596	0.6533610224723816	2.195237159729004	-0.749972403049469	0.19305764138698578	-0.8077007532119751	-0.34161877632141113	0.5347535014152527	1.2303287982940674	-1.0134669542312622	0.8713458180427551	0.7573262453079224	-0.7224862575531006	0.6852552890777588	0.9523626565933228	-0.32794126868247986	0.5646977424621582	0.24542859196662903	-1.216732144355774	0.10672921687364578	-0.08248192816972733	0.45239338278770447	0.3307151198387146	0.5118763446807861
-1.1900196075439453	0.9325147867202759	1.2726699113845825	0.22574615478515625	0.2954542636871338	-1.0257503986358643	-0.396412193775177	0.8856936097145081	-1.8799288272857666	-1.9123361110687256	2.402000904083252	-1.1137272119522095	1.1680306196212769	-0.7294554710388184	-2.663696050643921	-0.8957472443580627	-0.06419128179550171	1.4757477045059204	-1.0156655311584473	-0.3836207985877991	0.36414510011672974	-1.0904772281646729	-1.015731930732727	-0.436221182346344	-0.5534244775772095	1.044371485710144	0.3080849349498749	0.10402946919202805	0.26861369609832764	-2.3108620643615723	-0.650572657585144	0.6894824504852295	1.4232308864593506	-1.766252040863037	0.269677996635437	-0.179335355758667	-0.7099167108535767	-0.35794347524642944	0.7171170115470886	-0.1973699927330017	0.6848604083061218	1.15565824508667	1.9555779695510864	1.3280390501022339	-0.7377392649650574	-0.8302399516105652	-0.6556717753410339	-0.6847093105316162	-0.04563114792108536	-0.5544245839118958
-0.615676999092102	0.8403897285461426	-0.6580638289451599	-0.3316313922405243	-0.5571028590202332	0.739997923374176	-0.758762001991272	-0.2404782623052597	0.5301676988601685	-0.6682729721069336	0.595938503742218	1.047995924949646	0.25003722310066223	1.4077773094177246	0.8847099542617798	-1.4028055667877197	-1.25824773311615	-0.2802184820175171	0.28965115547180176	1.4099370241165161	0.2889616787433624	0.652135968208313	-0.41972389817237854	0.9134364724159241	-0.269183486700058	2.29937481880188	0.7120466232299805	0.5739561915397644	0.7540814876556396	-0.974446177482605	0.5589753985404968	-0.8465897440910339	2.3359789848327637	0.03510677441954613	0.02856256067752838	1.588598608970642	-0.33178672194480896	1.3263317346572876	-1.0346802473068237	1.1195212602615356	-0.022126981988549232	1.558365821838379	-0.2271689921617508	0.3400309979915619	-0.44759684801101685	0.922754168510437	0.02527036890387535	-1.3898404836654663	0.7469850778579712	-1.4832048416137695
1.9820809364318848	-1.020621418952942	-0.656589686870575	-0.5279400944709778	0.9607444405555725	-0.032852061092853546	-0.2258686125278473	0.2446412444114685	0.37353095412254333	1.007733941078186	0.9148246049880981	0.7974260449409485	0.19637230038642883	-0.627173125743866	0.920184314250946	0.5921996235847473	0.15200388431549072	-0.7814966440200806	0.049120839685201645	0.20731836557388306	0.5327255725860596	-0.7631915807723999	-1.3281201124191284	-0.8009263277053833	-1.6883774995803833	0.2554716169834137	0.7510201930999756	0.3751675486564636	-1.9918174743652344	2.237992763519287	0.7940385341644287	0.5983997583389282	0.39625489711761475	-0.9079479575157166	0.30887719988822937	0.9796831607818604	-1.1303030252456665	-0.26002469658851624	1.342105746269226	-1.845606803894043	0.7158374190330505	-0.4745662808418274	1.5296005010604858	0.5703572034835815	0.8071610927581787	-0.8155544400215149	-0.0834941416978836	0.7261112928390503	-0.1594662070274353	0.012428846210241318
-0.3941388428211212	-0.04377021640539169	-0.7601567506790161	-0.27655524015426636	-0.37732335925102234	-0.9940760135650635	-1.2360550165176392	0.420667827129364	0.9123719334602356	-0.3538203537464142	1.492004632949829	2.1329965591430664	-0.21495480835437775	1.0180423259735107	0.19459179043769836	0.8298332691192627	-0.7934754490852356	-1.8141593933105469	-0.2597440183162689	0.9299039840698242	-0.7336201071739197	-0.4415266811847687	-1.1475675106048584	2.0830745697021484	1.1646103858947754	-0.8231846690177917	1.7998327016830444	0.4834030568599701	-0.5456860661506653	0.38865551352500916	-0.4406470060348511	0.5807883143424988	0.11432696878910065	-0.6008081436157227	0.6216543316841125	0.5499092936515808	1.133339762687683	0.0744684711098671	0.5253134965896606	0.1013793796300888	1.447334885597229	0.7805395126342773	1.4890576601028442	-0.5408158898353577	-3.2095448970794678	0.00900255423039198	0.6060455441474915	0.8628855347633362	0.7797960042953491	-0.7520331144332886
-0.9586421251296997	1.7181886434555054	-2.1180295944213867	1.2903962135314941	-1.2622853517532349	0.43489670753479004	0.2728639245033264	0.5937737226486206	0.7152503728866577	-0.37647518515586853	1.487067461013794	-1.0219069719314575	-0.7748041152954102	0.00857686996459961	1.0326050519943237	0.45448562502861023	1.3163222074508667	0.47995513677597046	-0.14054007828235626	0.7167550325393677	0.19870887696743011	0.16619685292243958	-0.6682597398757935	-2.0154972076416016	0.8903149962425232	-2.1179065704345703	-2.071408748626709	-1.2411119937896729	1.2570462226867676	0.6118340492248535	-0.21868379414081573	-0.3734445869922638	-1.9555448293685913	1.702369213104248	2.0870864391326904	1.2755495309829712	-0.3818761706352234	1.0877255201339722	-0.3930274248123169	-0.607378363609314	-0.3905879557132721	0.33013224601745605	-0.225075826048851	-0.06224055588245392	0.5000214576721191	0.6619901061058044	0.4774426817893982	-0.18953335285186768	1.6400169134140015	0.05435989052057266
0.0002615698322188109	0.48168274760246277	0.8134652972221375	0.20648089051246643	-1.5469365119934082	0.8079414367675781	-1.3043339252471924	-0.53726726770401	-0.7333332896232605	-1.0431724786758423	-0.4233480393886566	0.3866886496543884	-0.3655291497707367	0.5612653493881226	0.5290319919586182	-0.5672503113746643	-0.006371452473104	-0.03735644370317459	2.0880684852600098	-1.0251489877700806	0.17586515843868256	-0.17075709998607635	-0.9403959512710571	0.08170729130506516	-0.05846190080046654	0.6292678713798523	1.934324026107788	0.3013125956058502	-1.2866239547729492	-0.5842143893241882	-1.3384621143341064	0.08596104383468628	1.6002411842346191	0.4641709327697754	-0.10792674869298935	0.16212114691734314	0.7713612914085388	0.2975827157497406	0.1155487596988678	-0.38283151388168335	1.0037630796432495	-0.31708237528800964	-0.494193434715271	0.44999459385871887	0.08491359651088715	0.1337415874004364	0.8602906465530396	0.7379411458969116	-0.3476891815662384	-0.6994247436523438
0.4081302881240845	1.9192429780960083	1.670264720916748	-1.1962158679962158	0.05781815946102142	-1.3771203756332397	0.7849659323692322	-0.18029803037643433	-0.5658284425735474	0.031268417835235596	-0.14199982583522797	-0.10383858531713486	1.0814917087554932	0.15824750065803528	-0.8776265382766724	-0.17706364393234253	0.4875021278858185	-0.8377431035041809	-0.6454785466194153	-1.168714165687561	1.2365636825561523	0.9148548245429993	1.1432732343673706	0.48862752318382263	-1.140492558479309	-0.02424200437963009	0.26735666394233704	0.6796651482582092	2.193126916885376	1.127940058708191	0.22686830163002014	-0.3793067932128906	-0.8865599036216736	0.1954367756843567	0.6069070100784302	0.2019173502922058	0.6681876182556152	1.7955493927001953	-1.1058441400527954	-0.2907559871673584	-0.8527897596359253	-2.039705276489258	0.2461966574192047	-1.8297703266143799	-0.39156031608581543	-0.7054192423820496	1.8016619682312012	-1.7473005056381226	0.0018251402070745826	1.1131494045257568
0.8594037890434265	-0.5382017493247986	0.339794784784317	0.8901739716529846	-0.43059027194976807	0.2537187933921814	2.0803005695343018	0.458561509847641	-0.6620301008224487	0.9861255884170532	-1.0855730772018433	-0.41500359773635864	0.612660825252533	-1.1865158081054688	1.4510607719421387	-0.6485744714736938	0.06376080214977264	-0.0980561301112175	1.520182490348816	0.2387251853942871	-0.6286894083023071	0.8706374764442444	0.005986453033983707	-0.8738179802894592	0.5540593862533569	-0.8295987844467163	-1.0795899629592896	0.98356693983078	0.3567056655883789	-1.0996639728546143	-0.12248830497264862	-0.07782529294490814	-0.37811279296875	0.3665426969528198	-0.011807756498456001	-0.3955838680267334	-0.817562460899353	-0.5783747434616089	-0.15893924236297607	0.6965050101280212	-0.34274667501449585	1.406805396080017	-0.014322036877274513	-1.2488290071487427	-1.3788723945617676	0.7603719830513	0.5871407985687256	0.7881338596343994	0.6964823603630066	-0.838073194026947
0.4816933870315552	-1.6938947439193726	-0.7992197275161743	-0.3861108422279358	0.05809735134243965	-0.6590602397918701	-0.5166640877723694	1.1086065769195557	0.4324958324432373	-1.396458387374878	-0.5005304217338562	-0.7929110527038574	-1.4864624738693237	0.3192737102508545	-0.6985933184623718	1.1632206439971924	0.8595142960548401	-0.7927565574645996	-0.3417060971260071	-0.7574970722198486	2.094558000564575	1.4761806726455688	0.31206008791923523	-1.1511774063110352	0.615332305431366	-0.11155340820550919	0.36069005727767944	0.839341938495636	-0.03710256889462471	0.2477264106273651	0.21842999756336212	0.14977027475833893	-0.5910096168518066	0.5861350893974304	0.8018190264701843	0.8960034847259521	-0.9444313645362854	0.6890923380851746	-0.9468193650245667	1.1747331619262695	0.948868989944458	0.5712453126907349	-0.5201509594917297	0.4378074109554291	0.3712053596973419	0.970691978931427	0.46098896861076355	1.3318716287612915	-0.5766936540603638	1.3290256261825562
0.350297749042511	0.9269816279411316	-0.6831116080284119	0.018102925270795822	-0.4934080243110657	0.9768123626708984	-1.7060604095458984	0.7257282733917236	0.07300734519958496	1.7673453092575073	0.2961529493331909	-0.09021718055009842	-0.8978623747825623	-0.43310490250587463	-0.6007038950920105	-0.2630782127380371	1.1725635528564453	-1.0760576725006104	-1.6778411865234375	1.2071784734725952	-0.26790568232536316	1.0346269607543945	-0.8272106051445007	0.6051831841468811	0.004969517234712839	0.09921658784151077	0.3490977883338928	-0.06485933810472488	-2.7416741847991943	-0.29874947667121887	-1.3789106607437134	0.25561419129371643	0.12776315212249756	1.8527414798736572	0.47887203097343445	-0.04612353444099426	0.6214863657951355	0.3947025239467621	-0.139661505818367	1.3728218078613281	0.5534948706626892	0.1305018812417984	0.2169385701417923	-1.1082714796066284	0.6096014976501465	-0.03192266449332237	-0.6809657216072083	0.39547592401504517	0.15064406394958496	-0.7262596487998962
0.7775325775146484	-0.5001293420791626	0.8583399057388306	0.07632438093423843	-0.5102286338806152	0.4891321659088135	-1.6931077241897583	-0.9191501140594482	-1.8371658325195312	0.3690519332885742	0.9200335144996643	-1.7083261013031006	0.33122962713241577	-0.6355453133583069	1.2590476274490356	-1.488807201385498	1.6984525918960571	0.21108466386795044	-0.9684877395629883	0.6387223601341248	-1.4231199026107788	0.42816904187202454	0.7334820628166199	-0.20319215953350067	-0.43712446093559265	1.0652492046356201	-1.3500564098358154	-1.8048861026763916	1.0327283143997192	-1.617586374282837	0.630172610282898	0.6108617186546326	-0.7510611414909363	0.500236988067627	-0.8704715967178345	-0.1538972407579422	-0.5052116513252258	-1.519128680229187	-1.102212905883789	0.7708245515823364	0.7869226932525635	1.6479741334915161	-0.7973052859306335	0.29290783405303955	1.5519554615020752	0.9269014000892639	0.8498366475105286	0.13402731716632843	-0.346247136592865	0.9979804158210754
-0.09089458733797073	2.1182637214660645	-0.1331624537706375	-1.334957480430603	0.6644718050956726	-1.4054577350616455	0.7656409740447998	0.31889376044273376	-0.5430962443351746	1.9143568277359009	0.07708581537008286	-0.3991519808769226	-0.9145343899726868	0.5935580730438232	1.4088144302368164	0.867247998714447	-0.19261568784713745	0.0924060121178627	-2.5941500663757324	-0.7418887615203857	-1.4811514616012573	1.0532227754592896	-0.30786970257759094	0.7732983827590942	1.0229861736297607	2.349935293197632	-0.37470483779907227	0.04188888147473335	1.1706345081329346	0.7380512952804565	-1.1873446702957153	0.42612364888191223	-0.010304724797606468	-0.1869400292634964	-1.8282866477966309	-0.2184758335351944	0.46586042642593384	0.8494093418121338	0.22243839502334595	0.6610578298568726	-0.038916878402233124	-0.2643946409225464	0.43680068850517273	-1.099250316619873	0.08241511136293411	1.3611783981323242	-0.05887000635266304	0.6962399482727051	0.22956569492816925	1.9998853206634521
-1.605936050415039	1.4519851207733154	-1.9084932804107666	-1.113325595855713	0.3564612865447998	0.6768105626106262	-1.533697247505188	0.70583575963974	-0.36582696437835693	-2.3474650382995605	-1.6874364614486694	1.333829402923584	0.982395589351654	0.5282067656517029	-0.7176864147186279	0.4987056851387024	0.25980252027511597	0.037996914237737656	-1.4508408308029175	0.8170931935310364	-1.374711275100708	-1.4924535751342773	-0.5719916820526123	3.938105821609497	0.282285213470459	-0.20174971222877502	0.19527651369571686	-0.7037617564201355	-0.07406337559223175	-0.9139158725738525	-1.3255674839019775	0.3445608913898468	0.1625264585018158	0.2050204575061798	-0.3905251622200012	-0.34346523880958557	0.5761935710906982	1.7468432188034058	-0.11003588140010834	-0.12970906496047974	-0.7322758436203003	-1.4504281282424927	0.6246041655540466	1.0713443756103516	2.255762815475464	-0.6689319610595703	-2.5720901489257812	-2.1472055912017822	0.15136802196502686	-0.9139835834503174
1.1780272722244263	-0.2858438789844513	-1.0786494016647339	0.7759977579116821	-1.0140917301177979	-0.39047038555145264	0.6354663968086243	1.5763459205627441	0.5359302759170532	0.03894824907183647	0.716352641582489	0.9339174032211304	-0.8412587642669678	-0.8162673115730286	0.7931830883026123	-0.9771552085876465	0.6768067479133606	-0.31045788526535034	-0.19175155460834503	-2.2398312091827393	1.0117640495300293	0.7929861545562744	1.4003525972366333	-0.5396344065666199	0.4050861895084381	-0.0032362518832087517	0.17978069186210632	-0.3248673677444458	0.5166884064674377	0.7248976230621338	-1.0090277194976807	1.028014063835144	0.337857186794281	-0.7720646858215332	-0.09740156680345535	-0.44826540350914	-0.06254826486110687	0.4300156235694885	-1.4749221801757812	-2.2709341049194336	-1.1186708211898804	-0.662511944770813	1.481988787651062	-0.21936741471290588	-1.7319369316101074	0.8587791919708252	1.357823371887207	1.4272748231887817	0.29301556944847107	1.0361149311065674
0.9772436022758484	1.404615044593811	-0.4824254810810089	-0.1857490837574005	1.4919286966323853	-1.1269264221191406	-1.0098166465759277	-0.5507420897483826	1.1153796911239624	-0.24494126439094543	0.1846242994070053	0.6294916868209839	0.7246277928352356	0.5981018543243408	0.4634224772453308	0.8170019388198853	-1.881925106048584	0.139498770236969	1.1690911054611206	0.13683100044727325	-0.7863017916679382	1.1688555479049683	-0.8748860955238342	-1.9305579662322998	-1.7073849439620972	1.4996836185455322	-1.505785584449768	0.06320993602275848	-1.5516055822372437	0.3357529938220978	0.6873578429222107	1.3395990133285522	1.2271603345870972	1.6555191278457642	1.5076757669448853	-0.1382460594177246	0.6822939515113831	0.8138561844825745	-0.678227961063385	-0.4041934311389923	-0.9800089597702026	-0.31737303733825684	1.4491170644760132	2.1424365043640137	0.16636693477630615	-0.6831895112991333	0.5314692258834839	0.5836684703826904	-1.1251599788665771	-1.964787483215332
0.5590074062347412	-1.1987460851669312	0.227508082985878	2.310286521911621	0.6842870116233826	0.024563878774642944	-0.17760218679904938	-0.38492903113365173	0.25463515520095825	-0.21025574207305908	-1.227828860282898	-1.7713230848312378	-0.6202887892723083	0.6083801984786987	-0.3072383999824524	-0.03212425112724304	-0.3378538191318512	-0.14937269687652588	0.19149357080459595	0.1637265831232071	0.2360333353281021	-0.5252326130867004	0.7603373527526855	-0.7628248929977417	0.4779296815395355	0.22264942526817322	1.956459641456604	0.2893914580345154	1.8307219743728638	1.9789680242538452	0.21197889745235443	-1.8668402433395386	0.9397093653678894	-0.8770232200622559	-1.1987199783325195	-0.7273468375205994	-1.3430908918380737	0.6299765706062317	-0.18735966086387634	0.31513315439224243	-2.088294506072998	-1.3989139795303345	-0.5219826102256775	0.7094095349311829	-0.3370320796966553	-0.6223934292793274	-0.5609827637672424	0.6405510902404785	-0.03764261677861214	-2.101745367050171
-0.12651506066322327	-1.1647884845733643	-0.36031219363212585	-1.3693864345550537	1.8435416221618652	1.7890206575393677	0.5080103874206543	1.4641605615615845	0.07175696641206741	-1.2628058195114136	-0.6910642981529236	1.9614337682724	0.6970291137695312	-0.6012995839118958	-0.27272576093673706	0.058018770068883896	-0.6957080364227295	-0.6551923751831055	-1.1972038745880127	-0.17176683247089386	1.258033037185669	-0.5607860088348389	-0.2327524572610855	-0.40370458364486694	-0.5533453226089478	-0.03143288567662239	-1.1159929037094116	-1.145461916923523	0.5245000123977661	-1.1301456689834595	-0.5327376127243042	-1.2760781049728394	-0.16834266483783722	-1.2671804428100586	0.5037128329277039	1.4421865940093994	0.9378514885902405	-0.18759213387966156	-0.07608190178871155	0.0445701964199543	-0.5114437937736511	-0.1468338817358017	-0.38152673840522766	0.5131821036338806	0.5278801918029785	-1.667892336845398	-0.1675809621810913	0.21220466494560242	-0.5995529890060425	-0.8585168123245239
0.18394994735717773	0.2186279594898224	-0.6732732653617859	0.8030022382736206	0.5508008599281311	0.663761556148529	-1.2650158405303955	0.6411101818084717	-0.5371532440185547	-0.7491826415061951	-0.6048711538314819	0.45975446701049805	-0.715046763420105	-1.1019792556762695	-1.8847191333770752	-0.20676615834236145	-0.617732584476471	-1.2107263803482056	0.6974557042121887	0.5694699287414551	-0.7026844024658203	-0.3601694703102112	-1.1621372699737549	1.0335372686386108	-0.20870736241340637	-1.2028076648712158	-1.2681868076324463	0.6210566759109497	-0.4463438391685486	1.2292052507400513	-0.15387283265590668	-0.3993780314922333	-0.9014527201652527	-1.1011136770248413	-1.8898441791534424	0.45423996448516846	1.1713610887527466	-0.5926242470741272	-1.501889705657959	0.4588675796985626	-0.19416992366313934	-1.1232151985168457	0.8142404556274414	-0.8858170509338379	0.07797011733055115	0.08690103143453598	-0.8598158955574036	0.7775987982749939	0.8146613240242004	0.0728040263056755
-0.3974691331386566	-0.9150698781013489	-2.7923524379730225	0.516290009021759	-1.660366415977478	-0.8020240068435669	-0.615321159362793	0.32487544417381287	-2.0571706295013428	-0.4869987964630127	-1.242110252380371	-1.7134658098220825	0.014432561583817005	0.01138119027018547	3.2459466457366943	1.425977110862732	-2.1283440589904785	-0.7029612064361572	0.570389449596405	-1.6235709190368652	0.15883468091487885	-0.23896189033985138	1.5530531406402588	-0.9583926200866699	-0.7537034749984741	-1.0891658067703247	1.0606063604354858	0.11704261600971222	-1.406206488609314	0.5240573287010193	-1.0048538446426392	0.5192371606826782	0.264100044965744	1.8380590677261353	0.05069447681307793	1.1550055742263794	0.7937353849411011	-0.7720516920089722	-0.6343096494674683	-1.1247917413711548	-0.07296936959028244	-0.9980069994926453	-0.20987379550933838	0.20977239310741425	-0.08866973221302032	-0.21459242701530457	-0.5127763152122498	-0.712431788444519	2.330371618270874	-3.15688157081604
-2.4865214824676514	0.8472885489463806	-0.08075549453496933	-0.6827999353408813	-0.7545650601387024	-1.0984753370285034	1.8730418682098389	0.024947134777903557	-0.3776601552963257	-0.053677499294281006	-1.294772982597351	1.3334110975265503	0.8560797572135925	-1.0231430530548096	1.0717843770980835	-0.42883211374282837	0.7805179357528687	1.5873583555221558	0.1635279804468155	-1.1137523651123047	-2.2261695861816406	-0.5112059712409973	0.9279149770736694	0.21878384053707123	0.49113357067108154	1.7905906438827515	-0.7040911316871643	1.3619863986968994	-1.1763147115707397	0.9589182138442993	0.44325393438339233	-1.4041210412979126	-0.2476191222667694	0.4140443801879883	-1.3528965711593628	-0.3361474573612213	1.405136227607727	-0.6971601247787476	0.36127322912216187	-1.3605992794036865	-0.13937631249427795	-0.19371384382247925	0.1435444951057434	0.8252983093261719	-1.4564075469970703	0.5640838146209717	0.8478407263755798	0.1642802655696869	0.8249309062957764	0.8606469631195068
-1.9143489599227905	-0.5917760133743286	0.009560300968587399	-0.23205314576625824	0.5367251038551331	1.8038978576660156	-1.5734546184539795	0.596356987953186	0.1584872603416443	-0.16770988702774048	0.11851231008768082	-0.3602266311645508	-0.8407254219055176	0.5796010494232178	-0.5779777765274048	0.7520095705986023	0.9773331880569458	-1.4266624450683594	0.09731678664684296	-0.43756160140037537	-0.5443512797355652	0.3547005355358124	-0.758916974067688	1.0272092819213867	0.6823991537094116	-1.440720796585083	1.793204426765442	0.8639155626296997	-0.25907331705093384	2.751871109008789	0.46843206882476807	0.5546692609786987	-0.644938051700592	1.0148969888687134	0.9357368350028992	1.8879942893981934	1.5913071632385254	0.28583037853240967	0.5383164286613464	-0.47361668944358826	-1.4064466953277588	-0.4912896454334259	-1.910499930381775	-0.6062355041503906	0.18950332701206207	1.5872232913970947	0.24888473749160767	-0.4631045162677765	-0.6307821273803711	-0.2136816382408142
0.7042807936668396	0.34808042645454407	0.5495548248291016	-0.28807905316352844	0.5740077495574951	1.39164400100708	0.38271281123161316	1.670838713645935	-0.6200661063194275	0.8328951001167297	1.7414286136627197	0.3414044976234436	-0.4291214346885681	-1.3579081296920776	0.5449239015579224	1.0270745754241943	-0.23634369671344757	1.0125738382339478	0.8555468320846558	-1.1565922498703003	1.834256649017334	1.4473538398742676	1.274330973625183	0.6973209381103516	0.8186872005462646	-0.23559856414794922	-2.1178061962127686	-1.219254493713379	-1.2668883800506592	0.48310738801956177	-1.1673974990844727	-1.353358507156372	0.29506349563598633	0.9687420129776001	-0.27191561460494995	0.3906159996986389	-0.3216225802898407	-1.3153636455535889	1.0596264600753784	0.10396582633256912	-1.323561668395996	1.7683275938034058	0.04033535718917847	-0.11327417939901352	-0.9345765113830566	-1.3524078130722046	0.09583036601543427	1.047434687614441	-0.6200249195098877	-0.5720586180686951
